source_image,status,reconstruction_path,dorsal_score,view_ok,equation,a,b,c,d,m1,q1,m2,q2,kx,h1,k1,r1,h2,k2,r2,detail_mean
nhmuk_1265647193.jpg,saved,museum_butterfly_dorsal/mathequations_shape_fill/reconstructions/nhmuk_1265647193_math.png,0.703989,1,"L1:y=m1*x+q1; L2:y=m2*x+q2; L3:x=kx; C1:(x-h1)^2+(y-k1)^2=r1^2; C2:(x-h2)^2+(y-k2)^2=r2^2; E_i=((x-cx_i)^2/a_i^2)+((y-cy_i)^2/b_i^2); Q=sin(a*x+b*y+2*pi*D)+cos((a+b)*r-c*theta)+0.55*sin((c+phi)*3*x*y+d*D)+0.95*exp(-18*min(|L1|,|L2|,|L3|))+1.10*exp(-30*min(|C1|,|C2|))+sum(exp(-40*|E_i-1|))",7.081316,7.041455,5.407377,1.889174,-0.406989,-0.030508,0.413367,-0.029073,0.002037,-0.359601,-0.000478,0.429301,0.359601,0.000478,0.428663,0.003323
nhmuk_1291180947.jpg,saved,museum_butterfly_dorsal/mathequations_shape_fill/reconstructions/nhmuk_1291180947_math.png,0.725081,1,"L1:y=m1*x+q1; L2:y=m2*x+q2; L3:x=kx; C1:(x-h1)^2+(y-k1)^2=r1^2; C2:(x-h2)^2+(y-k2)^2=r2^2; E_i=((x-cx_i)^2/a_i^2)+((y-cy_i)^2/b_i^2); Q=sin(a*x+b*y+2*pi*D)+cos((a+b)*r-c*theta)+0.55*sin((c+phi)*3*x*y+d*D)+0.95*exp(-18*min(|L1|,|L2|,|L3|))+1.10*exp(-30*min(|C1|,|C2|))+sum(exp(-40*|E_i-1|))",6.928296,6.877035,5.253677,1.942587,-0.431473,-0.036427,0.439674,-0.034581,0.001268,-0.359487,-0.000615,0.426853,0.359487,0.000615,0.426033,0.002977
nhmuk_1291182689.jpg,saved,museum_butterfly_dorsal/mathequations_shape_fill/reconstructions/nhmuk_1291182689_math.png,0.671285,1,"L1:y=m1*x+q1; L2:y=m2*x+q2; L3:x=kx; C1:(x-h1)^2+(y-k1)^2=r1^2; C2:(x-h2)^2+(y-k2)^2=r2^2; E_i=((x-cx_i)^2/a_i^2)+((y-cy_i)^2/b_i^2); Q=sin(a*x+b*y+2*pi*D)+cos((a+b)*r-c*theta)+0.55*sin((c+phi)*3*x*y+d*D)+0.95*exp(-18*min(|L1|,|L2|,|L3|))+1.10*exp(-30*min(|C1|,|C2|))+sum(exp(-40*|E_i-1|))",6.760659,6.550284,4.782170,2.351597,-0.458295,-0.048190,0.491955,-0.040616,-0.001089,-0.357896,-0.002524,0.424171,0.357896,0.002524,0.420805,0.058806
nhmuk_1291182723.jpg,saved,museum_butterfly_dorsal/mathequations_shape_fill/reconstructions/nhmuk_1291182723_math.png,0.671040,1,"L1:y=m1*x+q1; L2:y=m2*x+q2; L3:x=kx; C1:(x-h1)^2+(y-k1)^2=r1^2; C2:(x-h2)^2+(y-k2)^2=r2^2; E_i=((x-cx_i)^2/a_i^2)+((y-cy_i)^2/b_i^2); Q=sin(a*x+b*y+2*pi*D)+cos((a+b)*r-c*theta)+0.55*sin((c+phi)*3*x*y+d*D)+0.95*exp(-18*min(|L1|,|L2|,|L3|))+1.10*exp(-30*min(|C1|,|C2|))+sum(exp(-40*|E_i-1|))",6.578796,6.398794,4.743550,2.265704,-0.487393,-0.053643,0.516193,-0.047163,-0.001282,-0.358200,-0.002160,0.421261,0.358200,0.002160,0.418381,0.047431
nhmuk_1291184060.jpg,saved,museum_butterfly_dorsal/mathequations_shape_fill/reconstructions/nhmuk_1291184060_math.png,0.661444,1,"L1:y=m1*x+q1; L2:y=m2*x+q2; L3:x=kx; C1:(x-h1)^2+(y-k1)^2=r1^2; C2:(x-h2)^2+(y-k2)^2=r2^2; E_i=((x-cx_i)^2/a_i^2)+((y-cy_i)^2/b_i^2); Q=sin(a*x+b*y+2*pi*D)+cos((a+b)*r-c*theta)+0.55*sin((c+phi)*3*x*y+d*D)+0.95*exp(-18*min(|L1|,|L2|,|L3|))+1.10*exp(-30*min(|C1|,|C2|))+sum(exp(-40*|E_i-1|))",6.342935,6.318744,4.753874,2.009120,-0.525130,-0.056525,0.529001,-0.055654,-0.001231,-0.359758,-0.000290,0.417487,0.359758,0.000290,0.417100,0.017699
nhmuk_1291188835.jpg,saved,museum_butterfly_dorsal/mathequations_shape_fill/reconstructions/nhmuk_1291188835_math.png,0.664745,1,"L1:y=m1*x+q1; L2:y=m2*x+q2; L3:x=kx; C1:(x-h1)^2+(y-k1)^2=r1^2; C2:(x-h2)^2+(y-k2)^2=r2^2; E_i=((x-cx_i)^2/a_i^2)+((y-cy_i)^2/b_i^2); Q=sin(a*x+b*y+2*pi*D)+cos((a+b)*r-c*theta)+0.55*sin((c+phi)*3*x*y+d*D)+0.95*exp(-18*min(|L1|,|L2|,|L3|))+1.10*exp(-30*min(|C1|,|C2|))+sum(exp(-40*|E_i-1|))",6.968162,6.861823,5.199086,2.016905,-0.425094,-0.036974,0.442108,-0.033146,0.000995,-0.358937,-0.001276,0.427491,0.358937,0.001276,0.425789,0.044105
nhmuk_1291194366.jpg,saved,museum_butterfly_dorsal/mathequations_shape_fill/reconstructions/nhmuk_1291194366_math.png,0.660932,1,"L1:y=m1*x+q1; L2:y=m2*x+q2; L3:x=kx; C1:(x-h1)^2+(y-k1)^2=r1^2; C2:(x-h2)^2+(y-k2)^2=r2^2; E_i=((x-cx_i)^2/a_i^2)+((y-cy_i)^2/b_i^2); Q=sin(a*x+b*y+2*pi*D)+cos((a+b)*r-c*theta)+0.55*sin((c+phi)*3*x*y+d*D)+0.95*exp(-18*min(|L1|,|L2|,|L3|))+1.10*exp(-30*min(|C1|,|C2|))+sum(exp(-40*|E_i-1|))",6.311047,6.234327,4.636636,2.148198,-0.530233,-0.059564,0.542508,-0.056802,-0.001817,-0.359233,-0.000921,0.416977,0.359233,0.000921,0.415749,0.010184
nhmuk_1291195866.jpg,saved,museum_butterfly_dorsal/mathequations_shape_fill/reconstructions/nhmuk_1291195866_math.png,0.712064,1,"L1:y=m1*x+q1; L2:y=m2*x+q2; L3:x=kx; C1:(x-h1)^2+(y-k1)^2=r1^2; C2:(x-h2)^2+(y-k2)^2=r2^2; E_i=((x-cx_i)^2/a_i^2)+((y-cy_i)^2/b_i^2); Q=sin(a*x+b*y+2*pi*D)+cos((a+b)*r-c*theta)+0.55*sin((c+phi)*3*x*y+d*D)+0.95*exp(-18*min(|L1|,|L2|,|L3|))+1.10*exp(-30*min(|C1|,|C2|))+sum(exp(-40*|E_i-1|))",6.363371,6.172474,4.542580,2.393703,-0.521861,-0.061791,0.552404,-0.054919,-0.002287,-0.358091,-0.002291,0.417814,0.358091,0.002291,0.414760,0.026959
nhmuk_1291203039.jpg,saved,museum_butterfly_dorsal/mathequations_shape_fill/reconstructions/nhmuk_1291203039_math.png,0.687239,1,"L1:y=m1*x+q1; L2:y=m2*x+q2; L3:x=kx; C1:(x-h1)^2+(y-k1)^2=r1^2; C2:(x-h2)^2+(y-k2)^2=r2^2; E_i=((x-cx_i)^2/a_i^2)+((y-cy_i)^2/b_i^2); Q=sin(a*x+b*y+2*pi*D)+cos((a+b)*r-c*theta)+0.55*sin((c+phi)*3*x*y+d*D)+0.95*exp(-18*min(|L1|,|L2|,|L3|))+1.10*exp(-30*min(|C1|,|C2|))+sum(exp(-40*|E_i-1|))",6.338759,6.291984,4.733971,1.996075,-0.525799,-0.057489,0.533283,-0.055805,-0.001330,-0.359532,-0.000561,0.417420,0.359532,0.000561,0.416672,0.013247
nhmuk_1291203358.jpg,saved,museum_butterfly_dorsal/mathequations_shape_fill/reconstructions/nhmuk_1291203358_math.png,0.679834,1,"L1:y=m1*x+q1; L2:y=m2*x+q2; L3:x=kx; C1:(x-h1)^2+(y-k1)^2=r1^2; C2:(x-h2)^2+(y-k2)^2=r2^2; E_i=((x-cx_i)^2/a_i^2)+((y-cy_i)^2/b_i^2); Q=sin(a*x+b*y+2*pi*D)+cos((a+b)*r-c*theta)+0.55*sin((c+phi)*3*x*y+d*D)+0.95*exp(-18*min(|L1|,|L2|,|L3|))+1.10*exp(-30*min(|C1|,|C2|))+sum(exp(-40*|E_i-1|))",6.343041,6.222078,4.483733,2.352815,-0.525113,-0.060005,0.544468,-0.055651,-0.002581,-0.358790,-0.001452,0.417489,0.358790,0.001452,0.415553,0.042005
nhmuk_1291206453.jpg,saved,museum_butterfly_dorsal/mathequations_shape_fill/reconstructions/nhmuk_1291206453_math.png,0.667828,1,"L1:y=m1*x+q1; L2:y=m2*x+q2; L3:x=kx; C1:(x-h1)^2+(y-k1)^2=r1^2; C2:(x-h2)^2+(y-k2)^2=r2^2; E_i=((x-cx_i)^2/a_i^2)+((y-cy_i)^2/b_i^2); Q=sin(a*x+b*y+2*pi*D)+cos((a+b)*r-c*theta)+0.55*sin((c+phi)*3*x*y+d*D)+0.95*exp(-18*min(|L1|,|L2|,|L3|))+1.10*exp(-30*min(|C1|,|C2|))+sum(exp(-40*|E_i-1|))",6.291362,6.303569,4.747795,1.982130,-0.533382,-0.057072,0.531429,-0.057511,-0.001261,-0.360122,0.000146,0.416662,0.360122,-0.000146,0.416857,0.009666
nhmuk_1291206737.jpg,saved,museum_butterfly_dorsal/mathequations_shape_fill/reconstructions/nhmuk_1291206737_math.png,0.677655,1,"L1:y=m1*x+q1; L2:y=m2*x+q2; L3:x=kx; C1:(x-h1)^2+(y-k1)^2=r1^2; C2:(x-h2)^2+(y-k2)^2=r2^2; E_i=((x-cx_i)^2/a_i^2)+((y-cy_i)^2/b_i^2); Q=sin(a*x+b*y+2*pi*D)+cos((a+b)*r-c*theta)+0.55*sin((c+phi)*3*x*y+d*D)+0.95*exp(-18*min(|L1|,|L2|,|L3|))+1.10*exp(-30*min(|C1|,|C2|))+sum(exp(-40*|E_i-1|))",6.311399,6.387245,4.850600,1.961897,-0.530176,-0.054059,0.518041,-0.056790,-0.000747,-0.360758,0.000910,0.416982,0.360758,-0.000910,0.418196,0.002619
nhmuk_1291208538.jpg,saved,museum_butterfly_dorsal/mathequations_shape_fill/reconstructions/nhmuk_1291208538_math.png,0.680375,1,"L1:y=m1*x+q1; L2:y=m2*x+q2; L3:x=kx; C1:(x-h1)^2+(y-k1)^2=r1^2; C2:(x-h2)^2+(y-k2)^2=r2^2; E_i=((x-cx_i)^2/a_i^2)+((y-cy_i)^2/b_i^2); Q=sin(a*x+b*y+2*pi*D)+cos((a+b)*r-c*theta)+0.55*sin((c+phi)*3*x*y+d*D)+0.95*exp(-18*min(|L1|,|L2|,|L3|))+1.10*exp(-30*min(|C1|,|C2|))+sum(exp(-40*|E_i-1|))",6.907971,6.641382,4.947058,2.236848,-0.434725,-0.044910,0.477379,-0.035313,-0.000265,-0.357334,-0.003199,0.426528,0.357334,0.003199,0.422262,0.044688
nhmuk_1291211050.jpg,saved,museum_butterfly_dorsal/mathequations_shape_fill/reconstructions/nhmuk_1291211050_math.png,0.719827,1,"L1:y=m1*x+q1; L2:y=m2*x+q2; L3:x=kx; C1:(x-h1)^2+(y-k1)^2=r1^2; C2:(x-h2)^2+(y-k2)^2=r2^2; E_i=((x-cx_i)^2/a_i^2)+((y-cy_i)^2/b_i^2); Q=sin(a*x+b*y+2*pi*D)+cos((a+b)*r-c*theta)+0.55*sin((c+phi)*3*x*y+d*D)+0.95*exp(-18*min(|L1|,|L2|,|L3|))+1.10*exp(-30*min(|C1|,|C2|))+sum(exp(-40*|E_i-1|))",6.409787,6.367015,4.875815,1.910191,-0.514434,-0.054787,0.521278,-0.053248,-0.000621,-0.359572,-0.000513,0.418557,0.359572,0.000513,0.417872,0.000989
nhmuk_1291213198.jpg,saved,museum_butterfly_dorsal/mathequations_shape_fill/reconstructions/nhmuk_1291213198_math.png,0.676947,1,"L1:y=m1*x+q1; L2:y=m2*x+q2; L3:x=kx; C1:(x-h1)^2+(y-k1)^2=r1^2; C2:(x-h2)^2+(y-k2)^2=r2^2; E_i=((x-cx_i)^2/a_i^2)+((y-cy_i)^2/b_i^2); Q=sin(a*x+b*y+2*pi*D)+cos((a+b)*r-c*theta)+0.55*sin((c+phi)*3*x*y+d*D)+0.95*exp(-18*min(|L1|,|L2|,|L3|))+1.10*exp(-30*min(|C1|,|C2|))+sum(exp(-40*|E_i-1|))",6.800469,6.776147,5.169725,1.934697,-0.451925,-0.040059,0.455817,-0.039183,0.000849,-0.359757,-0.000292,0.424808,0.359757,0.000292,0.424418,0.007064
nhmuk_1291215593.jpg,saved,museum_butterfly_dorsal/mathequations_shape_fill/reconstructions/nhmuk_1291215593_math.png,0.722411,1,"L1:y=m1*x+q1; L2:y=m2*x+q2; L3:x=kx; C1:(x-h1)^2+(y-k1)^2=r1^2; C2:(x-h2)^2+(y-k2)^2=r2^2; E_i=((x-cx_i)^2/a_i^2)+((y-cy_i)^2/b_i^2); Q=sin(a*x+b*y+2*pi*D)+cos((a+b)*r-c*theta)+0.55*sin((c+phi)*3*x*y+d*D)+0.95*exp(-18*min(|L1|,|L2|,|L3|))+1.10*exp(-30*min(|C1|,|C2|))+sum(exp(-40*|E_i-1|))",6.905420,6.906821,5.300095,1.906578,-0.435133,-0.035354,0.434909,-0.035405,0.001500,-0.360014,0.000017,0.426487,0.360014,-0.000017,0.426509,0.011708
nhmuk_1291220249.jpg,saved,museum_butterfly_dorsal/mathequations_shape_fill/reconstructions/nhmuk_1291220249_math.png,0.692898,1,"L1:y=m1*x+q1; L2:y=m2*x+q2; L3:x=kx; C1:(x-h1)^2+(y-k1)^2=r1^2; C2:(x-h2)^2+(y-k2)^2=r2^2; E_i=((x-cx_i)^2/a_i^2)+((y-cy_i)^2/b_i^2); Q=sin(a*x+b*y+2*pi*D)+cos((a+b)*r-c*theta)+0.55*sin((c+phi)*3*x*y+d*D)+0.95*exp(-18*min(|L1|,|L2|,|L3|))+1.10*exp(-30*min(|C1|,|C2|))+sum(exp(-40*|E_i-1|))",6.627128,6.705787,5.097559,1.936622,-0.479660,-0.042592,0.467074,-0.045423,0.000488,-0.360787,0.000944,0.422034,0.360787,-0.000944,0.423293,0.012774
nhmuk_1291220274.jpg,saved,museum_butterfly_dorsal/mathequations_shape_fill/reconstructions/nhmuk_1291220274_math.png,0.691832,1,"L1:y=m1*x+q1; L2:y=m2*x+q2; L3:x=kx; C1:(x-h1)^2+(y-k1)^2=r1^2; C2:(x-h2)^2+(y-k2)^2=r2^2; E_i=((x-cx_i)^2/a_i^2)+((y-cy_i)^2/b_i^2); Q=sin(a*x+b*y+2*pi*D)+cos((a+b)*r-c*theta)+0.55*sin((c+phi)*3*x*y+d*D)+0.95*exp(-18*min(|L1|,|L2|,|L3|))+1.10*exp(-30*min(|C1|,|C2|))+sum(exp(-40*|E_i-1|))",6.356677,6.409174,4.791520,1.999661,-0.522932,-0.053270,0.514532,-0.055160,-0.001042,-0.360525,0.000630,0.417707,0.360525,-0.000630,0.418547,0.008250
nhmuk_1291224395.jpg,saved,museum_butterfly_dorsal/mathequations_shape_fill/reconstructions/nhmuk_1291224395_math.png,0.683796,1,"L1:y=m1*x+q1; L2:y=m2*x+q2; L3:x=kx; C1:(x-h1)^2+(y-k1)^2=r1^2; C2:(x-h2)^2+(y-k2)^2=r2^2; E_i=((x-cx_i)^2/a_i^2)+((y-cy_i)^2/b_i^2); Q=sin(a*x+b*y+2*pi*D)+cos((a+b)*r-c*theta)+0.55*sin((c+phi)*3*x*y+d*D)+0.95*exp(-18*min(|L1|,|L2|,|L3|))+1.10*exp(-30*min(|C1|,|C2|))+sum(exp(-40*|E_i-1|))",6.972670,6.976413,5.228804,1.986191,-0.424373,-0.032849,0.423774,-0.032984,0.001144,-0.360037,0.000045,0.427563,0.360037,-0.000045,0.427623,0.017543
nhmuk_1291227968.jpg,saved,museum_butterfly_dorsal/mathequations_shape_fill/reconstructions/nhmuk_1291227968_math.png,0.672825,1,"L1:y=m1*x+q1; L2:y=m2*x+q2; L3:x=kx; C1:(x-h1)^2+(y-k1)^2=r1^2; C2:(x-h2)^2+(y-k2)^2=r2^2; E_i=((x-cx_i)^2/a_i^2)+((y-cy_i)^2/b_i^2); Q=sin(a*x+b*y+2*pi*D)+cos((a+b)*r-c*theta)+0.55*sin((c+phi)*3*x*y+d*D)+0.95*exp(-18*min(|L1|,|L2|,|L3|))+1.10*exp(-30*min(|C1|,|C2|))+sum(exp(-40*|E_i-1|))",6.755752,6.815858,5.195859,1.945813,-0.459080,-0.038629,0.449463,-0.040793,0.000979,-0.360601,0.000721,0.424092,0.360601,-0.000721,0.425054,0.007728
nhmuk_1291233757.jpg,saved,museum_butterfly_dorsal/mathequations_shape_fill/reconstructions/nhmuk_1291233757_math.png,0.720132,1,"L1:y=m1*x+q1; L2:y=m2*x+q2; L3:x=kx; C1:(x-h1)^2+(y-k1)^2=r1^2; C2:(x-h2)^2+(y-k2)^2=r2^2; E_i=((x-cx_i)^2/a_i^2)+((y-cy_i)^2/b_i^2); Q=sin(a*x+b*y+2*pi*D)+cos((a+b)*r-c*theta)+0.55*sin((c+phi)*3*x*y+d*D)+0.95*exp(-18*min(|L1|,|L2|,|L3|))+1.10*exp(-30*min(|C1|,|C2|))+sum(exp(-40*|E_i-1|))",6.959076,6.958457,5.340481,1.848810,-0.426548,-0.033496,0.426647,-0.033473,0.001702,-0.359994,-0.000007,0.427345,0.359994,0.000007,0.427335,0.009348
nhmuk_1291234244.jpg,saved,museum_butterfly_dorsal/mathequations_shape_fill/reconstructions/nhmuk_1291234244_math.png,0.673359,1,"L1:y=m1*x+q1; L2:y=m2*x+q2; L3:x=kx; C1:(x-h1)^2+(y-k1)^2=r1^2; C2:(x-h2)^2+(y-k2)^2=r2^2; E_i=((x-cx_i)^2/a_i^2)+((y-cy_i)^2/b_i^2); Q=sin(a*x+b*y+2*pi*D)+cos((a+b)*r-c*theta)+0.55*sin((c+phi)*3*x*y+d*D)+0.95*exp(-18*min(|L1|,|L2|,|L3|))+1.10*exp(-30*min(|C1|,|C2|))+sum(exp(-40*|E_i-1|))",7.386598,7.248231,5.500915,2.103853,-0.358144,-0.023064,0.380283,-0.018082,0.002505,-0.358616,-0.001660,0.434186,0.358616,0.001660,0.431972,0.011777
nhmuk_1291254111.jpg,saved,museum_butterfly_dorsal/mathequations_shape_fill/reconstructions/nhmuk_1291254111_math.png,0.684839,1,"L1:y=m1*x+q1; L2:y=m2*x+q2; L3:x=kx; C1:(x-h1)^2+(y-k1)^2=r1^2; C2:(x-h2)^2+(y-k2)^2=r2^2; E_i=((x-cx_i)^2/a_i^2)+((y-cy_i)^2/b_i^2); Q=sin(a*x+b*y+2*pi*D)+cos((a+b)*r-c*theta)+0.55*sin((c+phi)*3*x*y+d*D)+0.95*exp(-18*min(|L1|,|L2|,|L3|))+1.10*exp(-30*min(|C1|,|C2|))+sum(exp(-40*|E_i-1|))",6.471002,6.583340,4.981136,2.081792,-0.504640,-0.047000,0.486666,-0.051044,-0.000094,-0.361123,0.001348,0.419536,0.361123,-0.001348,0.421333,0.020108
nhmuk_1291254134.jpg,saved,museum_butterfly_dorsal/mathequations_shape_fill/reconstructions/nhmuk_1291254134_math.png,0.696573,1,"L1:y=m1*x+q1; L2:y=m2*x+q2; L3:x=kx; C1:(x-h1)^2+(y-k1)^2=r1^2; C2:(x-h2)^2+(y-k2)^2=r2^2; E_i=((x-cx_i)^2/a_i^2)+((y-cy_i)^2/b_i^2); Q=sin(a*x+b*y+2*pi*D)+cos((a+b)*r-c*theta)+0.55*sin((c+phi)*3*x*y+d*D)+0.95*exp(-18*min(|L1|,|L2|,|L3|))+1.10*exp(-30*min(|C1|,|C2|))+sum(exp(-40*|E_i-1|))",6.612375,6.707302,5.102536,1.974830,-0.482020,-0.042537,0.466832,-0.045955,0.000513,-0.360949,0.001139,0.421798,0.360949,-0.001139,0.423317,0.004071
nhmuk_1291254196.jpg,saved,museum_butterfly_dorsal/mathequations_shape_fill/reconstructions/nhmuk_1291254196_math.png,0.691806,1,"L1:y=m1*x+q1; L2:y=m2*x+q2; L3:x=kx; C1:(x-h1)^2+(y-k1)^2=r1^2; C2:(x-h2)^2+(y-k2)^2=r2^2; E_i=((x-cx_i)^2/a_i^2)+((y-cy_i)^2/b_i^2); Q=sin(a*x+b*y+2*pi*D)+cos((a+b)*r-c*theta)+0.55*sin((c+phi)*3*x*y+d*D)+0.95*exp(-18*min(|L1|,|L2|,|L3|))+1.10*exp(-30*min(|C1|,|C2|))+sum(exp(-40*|E_i-1|))",6.929726,6.901753,5.286794,1.930502,-0.431244,-0.035537,0.435719,-0.034530,0.001434,-0.359720,-0.000336,0.426876,0.359720,0.000336,0.426428,0.008848
nhmuk_1291254475.jpg,saved,museum_butterfly_dorsal/mathequations_shape_fill/reconstructions/nhmuk_1291254475_math.png,0.695741,1,"L1:y=m1*x+q1; L2:y=m2*x+q2; L3:x=kx; C1:(x-h1)^2+(y-k1)^2=r1^2; C2:(x-h2)^2+(y-k2)^2=r2^2; E_i=((x-cx_i)^2/a_i^2)+((y-cy_i)^2/b_i^2); Q=sin(a*x+b*y+2*pi*D)+cos((a+b)*r-c*theta)+0.55*sin((c+phi)*3*x*y+d*D)+0.95*exp(-18*min(|L1|,|L2|,|L3|))+1.10*exp(-30*min(|C1|,|C2|))+sum(exp(-40*|E_i-1|))",6.437392,6.536286,4.975557,1.951650,-0.510017,-0.048694,0.494194,-0.052254,-0.000122,-0.360989,0.001187,0.418998,0.360989,-0.001187,0.420581,0.015455
nhmuk_1291254506.jpg,saved,museum_butterfly_dorsal/mathequations_shape_fill/reconstructions/nhmuk_1291254506_math.png,0.683871,1,"L1:y=m1*x+q1; L2:y=m2*x+q2; L3:x=kx; C1:(x-h1)^2+(y-k1)^2=r1^2; C2:(x-h2)^2+(y-k2)^2=r2^2; E_i=((x-cx_i)^2/a_i^2)+((y-cy_i)^2/b_i^2); Q=sin(a*x+b*y+2*pi*D)+cos((a+b)*r-c*theta)+0.55*sin((c+phi)*3*x*y+d*D)+0.95*exp(-18*min(|L1|,|L2|,|L3|))+1.10*exp(-30*min(|C1|,|C2|))+sum(exp(-40*|E_i-1|))",6.383545,6.499924,4.934469,2.038165,-0.518633,-0.050003,0.500012,-0.054192,-0.000328,-0.361164,0.001397,0.418137,0.361164,-0.001397,0.419999,0.008169
nhmuk_1291254796.jpg,saved,museum_butterfly_dorsal/mathequations_shape_fill/reconstructions/nhmuk_1291254796_math.png,0.722228,1,"L1:y=m1*x+q1; L2:y=m2*x+q2; L3:x=kx; C1:(x-h1)^2+(y-k1)^2=r1^2; C2:(x-h2)^2+(y-k2)^2=r2^2; E_i=((x-cx_i)^2/a_i^2)+((y-cy_i)^2/b_i^2); Q=sin(a*x+b*y+2*pi*D)+cos((a+b)*r-c*theta)+0.55*sin((c+phi)*3*x*y+d*D)+0.95*exp(-18*min(|L1|,|L2|,|L3|))+1.10*exp(-30*min(|C1|,|C2|))+sum(exp(-40*|E_i-1|))",6.285160,6.363005,4.811033,1.971291,-0.534374,-0.054932,0.521919,-0.057734,-0.000945,-0.360778,0.000934,0.416563,0.360778,-0.000934,0.417808,0.004312
nhmuk_1291254805.jpg,saved,museum_butterfly_dorsal/mathequations_shape_fill/reconstructions/nhmuk_1291254805_math.png,0.701754,1,"L1:y=m1*x+q1; L2:y=m2*x+q2; L3:x=kx; C1:(x-h1)^2+(y-k1)^2=r1^2; C2:(x-h2)^2+(y-k2)^2=r2^2; E_i=((x-cx_i)^2/a_i^2)+((y-cy_i)^2/b_i^2); Q=sin(a*x+b*y+2*pi*D)+cos((a+b)*r-c*theta)+0.55*sin((c+phi)*3*x*y+d*D)+0.95*exp(-18*min(|L1|,|L2|,|L3|))+1.10*exp(-30*min(|C1|,|C2|))+sum(exp(-40*|E_i-1|))",6.330217,6.423285,4.822182,2.046858,-0.527165,-0.052762,0.512274,-0.056112,-0.000889,-0.360931,0.001117,0.417283,0.360931,-0.001117,0.418773,0.017546
nhmuk_1291274677.jpg,saved,museum_butterfly_dorsal/mathequations_shape_fill/reconstructions/nhmuk_1291274677_math.png,0.661202,1,"L1:y=m1*x+q1; L2:y=m2*x+q2; L3:x=kx; C1:(x-h1)^2+(y-k1)^2=r1^2; C2:(x-h2)^2+(y-k2)^2=r2^2; E_i=((x-cx_i)^2/a_i^2)+((y-cy_i)^2/b_i^2); Q=sin(a*x+b*y+2*pi*D)+cos((a+b)*r-c*theta)+0.55*sin((c+phi)*3*x*y+d*D)+0.95*exp(-18*min(|L1|,|L2|,|L3|))+1.10*exp(-30*min(|C1|,|C2|))+sum(exp(-40*|E_i-1|))",7.759242,7.595993,5.761091,2.046871,-0.298521,-0.010544,0.324641,-0.004667,0.003805,-0.358368,-0.001959,0.440148,0.358368,0.001959,0.437536,0.007609
nhmuk_1291274682.jpg,saved,museum_butterfly_dorsal/mathequations_shape_fill/reconstructions/nhmuk_1291274682_math.png,0.678024,1,"L1:y=m1*x+q1; L2:y=m2*x+q2; L3:x=kx; C1:(x-h1)^2+(y-k1)^2=r1^2; C2:(x-h2)^2+(y-k2)^2=r2^2; E_i=((x-cx_i)^2/a_i^2)+((y-cy_i)^2/b_i^2); Q=sin(a*x+b*y+2*pi*D)+cos((a+b)*r-c*theta)+0.55*sin((c+phi)*3*x*y+d*D)+0.95*exp(-18*min(|L1|,|L2|,|L3|))+1.10*exp(-30*min(|C1|,|C2|))+sum(exp(-40*|E_i-1|))",7.048507,6.852116,5.178235,2.107212,-0.412239,-0.037324,0.443661,-0.030254,0.000891,-0.358036,-0.002357,0.428776,0.358036,0.002357,0.425634,0.031424
nhmuk_1291274702.jpg,saved,museum_butterfly_dorsal/mathequations_shape_fill/reconstructions/nhmuk_1291274702_math.png,0.673206,1,"L1:y=m1*x+q1; L2:y=m2*x+q2; L3:x=kx; C1:(x-h1)^2+(y-k1)^2=r1^2; C2:(x-h2)^2+(y-k2)^2=r2^2; E_i=((x-cx_i)^2/a_i^2)+((y-cy_i)^2/b_i^2); Q=sin(a*x+b*y+2*pi*D)+cos((a+b)*r-c*theta)+0.55*sin((c+phi)*3*x*y+d*D)+0.95*exp(-18*min(|L1|,|L2|,|L3|))+1.10*exp(-30*min(|C1|,|C2|))+sum(exp(-40*|E_i-1|))",6.322107,6.369736,4.760927,2.002208,-0.528463,-0.054690,0.520842,-0.056404,-0.001195,-0.360476,0.000572,0.417154,0.360476,-0.000572,0.417916,0.017634
nhmuk_1291274761.jpg,saved,museum_butterfly_dorsal/mathequations_shape_fill/reconstructions/nhmuk_1291274761_math.png,0.691302,1,"L1:y=m1*x+q1; L2:y=m2*x+q2; L3:x=kx; C1:(x-h1)^2+(y-k1)^2=r1^2; C2:(x-h2)^2+(y-k2)^2=r2^2; E_i=((x-cx_i)^2/a_i^2)+((y-cy_i)^2/b_i^2); Q=sin(a*x+b*y+2*pi*D)+cos((a+b)*r-c*theta)+0.55*sin((c+phi)*3*x*y+d*D)+0.95*exp(-18*min(|L1|,|L2|,|L3|))+1.10*exp(-30*min(|C1|,|C2|))+sum(exp(-40*|E_i-1|))",6.263288,6.332368,4.764990,1.999036,-0.537874,-0.056035,0.526821,-0.058522,-0.001175,-0.360691,0.000829,0.416213,0.360691,-0.000829,0.417318,0.015628
nhmuk_1291274842.jpg,saved,museum_butterfly_dorsal/mathequations_shape_fill/reconstructions/nhmuk_1291274842_math.png,0.708766,1,"L1:y=m1*x+q1; L2:y=m2*x+q2; L3:x=kx; C1:(x-h1)^2+(y-k1)^2=r1^2; C2:(x-h2)^2+(y-k2)^2=r2^2; E_i=((x-cx_i)^2/a_i^2)+((y-cy_i)^2/b_i^2); Q=sin(a*x+b*y+2*pi*D)+cos((a+b)*r-c*theta)+0.55*sin((c+phi)*3*x*y+d*D)+0.95*exp(-18*min(|L1|,|L2|,|L3|))+1.10*exp(-30*min(|C1|,|C2|))+sum(exp(-40*|E_i-1|))",6.350585,6.464174,4.900208,2.023539,-0.523906,-0.051290,0.505732,-0.055379,-0.000499,-0.361136,0.001363,0.417609,0.361136,-0.001363,0.419427,0.007483
nhmuk_1291301040.jpg,saved,museum_butterfly_dorsal/mathequations_shape_fill/reconstructions/nhmuk_1291301040_math.png,0.727154,1,"L1:y=m1*x+q1; L2:y=m2*x+q2; L3:x=kx; C1:(x-h1)^2+(y-k1)^2=r1^2; C2:(x-h2)^2+(y-k2)^2=r2^2; E_i=((x-cx_i)^2/a_i^2)+((y-cy_i)^2/b_i^2); Q=sin(a*x+b*y+2*pi*D)+cos((a+b)*r-c*theta)+0.55*sin((c+phi)*3*x*y+d*D)+0.95*exp(-18*min(|L1|,|L2|,|L3|))+1.10*exp(-30*min(|C1|,|C2|))+sum(exp(-40*|E_i-1|))",6.453458,6.142095,4.444754,2.488116,-0.507447,-0.062885,0.557265,-0.051675,-0.002776,-0.356886,-0.003736,0.419255,0.356886,0.003736,0.414274,0.024488
nhmuk_1291301097.jpg,saved,museum_butterfly_dorsal/mathequations_shape_fill/reconstructions/nhmuk_1291301097_math.png,0.720644,1,"L1:y=m1*x+q1; L2:y=m2*x+q2; L3:x=kx; C1:(x-h1)^2+(y-k1)^2=r1^2; C2:(x-h2)^2+(y-k2)^2=r2^2; E_i=((x-cx_i)^2/a_i^2)+((y-cy_i)^2/b_i^2); Q=sin(a*x+b*y+2*pi*D)+cos((a+b)*r-c*theta)+0.55*sin((c+phi)*3*x*y+d*D)+0.95*exp(-18*min(|L1|,|L2|,|L3|))+1.10*exp(-30*min(|C1|,|C2|))+sum(exp(-40*|E_i-1|))",6.501779,6.119519,4.360557,2.582693,-0.499715,-0.063697,0.560877,-0.049936,-0.003197,-0.356177,-0.004587,0.420028,0.356177,0.004587,0.413912,0.025104
nhmuk_1291301102.jpg,saved,museum_butterfly_dorsal/mathequations_shape_fill/reconstructions/nhmuk_1291301102_math.png,0.743218,1,"L1:y=m1*x+q1; L2:y=m2*x+q2; L3:x=kx; C1:(x-h1)^2+(y-k1)^2=r1^2; C2:(x-h2)^2+(y-k2)^2=r2^2; E_i=((x-cx_i)^2/a_i^2)+((y-cy_i)^2/b_i^2); Q=sin(a*x+b*y+2*pi*D)+cos((a+b)*r-c*theta)+0.55*sin((c+phi)*3*x*y+d*D)+0.95*exp(-18*min(|L1|,|L2|,|L3|))+1.10*exp(-30*min(|C1|,|C2|))+sum(exp(-40*|E_i-1|))",6.289402,6.042153,4.402045,2.484755,-0.533696,-0.066483,0.573256,-0.057582,-0.002990,-0.357528,-0.002967,0.416630,0.357528,0.002967,0.412674,0.036841
nhmuk_1291302659.jpg,saved,museum_butterfly_dorsal/mathequations_shape_fill/reconstructions/nhmuk_1291302659_math.png,0.699313,1,"L1:y=m1*x+q1; L2:y=m2*x+q2; L3:x=kx; C1:(x-h1)^2+(y-k1)^2=r1^2; C2:(x-h2)^2+(y-k2)^2=r2^2; E_i=((x-cx_i)^2/a_i^2)+((y-cy_i)^2/b_i^2); Q=sin(a*x+b*y+2*pi*D)+cos((a+b)*r-c*theta)+0.55*sin((c+phi)*3*x*y+d*D)+0.95*exp(-18*min(|L1|,|L2|,|L3|))+1.10*exp(-30*min(|C1|,|C2|))+sum(exp(-40*|E_i-1|))",6.408012,6.058392,4.345405,2.553629,-0.514718,-0.065898,0.570657,-0.053312,-0.003273,-0.356504,-0.004195,0.418528,0.356504,0.004195,0.412934,0.021037
nhmuk_1291309813.jpg,saved,museum_butterfly_dorsal/mathequations_shape_fill/reconstructions/nhmuk_1291309813_math.png,0.702273,1,"L1:y=m1*x+q1; L2:y=m2*x+q2; L3:x=kx; C1:(x-h1)^2+(y-k1)^2=r1^2; C2:(x-h2)^2+(y-k2)^2=r2^2; E_i=((x-cx_i)^2/a_i^2)+((y-cy_i)^2/b_i^2); Q=sin(a*x+b*y+2*pi*D)+cos((a+b)*r-c*theta)+0.55*sin((c+phi)*3*x*y+d*D)+0.95*exp(-18*min(|L1|,|L2|,|L3|))+1.10*exp(-30*min(|C1|,|C2|))+sum(exp(-40*|E_i-1|))",6.964736,6.748096,5.073936,2.160884,-0.425642,-0.041069,0.460305,-0.033270,0.000370,-0.357834,-0.002600,0.427436,0.357834,0.002600,0.423970,0.038872
nhmuk_1291312828.jpg,saved,museum_butterfly_dorsal/mathequations_shape_fill/reconstructions/nhmuk_1291312828_math.png,0.698724,1,"L1:y=m1*x+q1; L2:y=m2*x+q2; L3:x=kx; C1:(x-h1)^2+(y-k1)^2=r1^2; C2:(x-h2)^2+(y-k2)^2=r2^2; E_i=((x-cx_i)^2/a_i^2)+((y-cy_i)^2/b_i^2); Q=sin(a*x+b*y+2*pi*D)+cos((a+b)*r-c*theta)+0.55*sin((c+phi)*3*x*y+d*D)+0.95*exp(-18*min(|L1|,|L2|,|L3|))+1.10*exp(-30*min(|C1|,|C2|))+sum(exp(-40*|E_i-1|))",6.997057,6.924111,5.286568,1.957699,-0.420471,-0.034732,0.432142,-0.032106,0.001433,-0.359271,-0.000875,0.427953,0.359271,0.000875,0.426786,0.002344
nhmuk_2294932313.jpg,saved,museum_butterfly_dorsal/mathequations_shape_fill/reconstructions/nhmuk_2294932313_math.png,0.735368,1,"L1:y=m1*x+q1; L2:y=m2*x+q2; L3:x=kx; C1:(x-h1)^2+(y-k1)^2=r1^2; C2:(x-h2)^2+(y-k2)^2=r2^2; E_i=((x-cx_i)^2/a_i^2)+((y-cy_i)^2/b_i^2); Q=sin(a*x+b*y+2*pi*D)+cos((a+b)*r-c*theta)+0.55*sin((c+phi)*3*x*y+d*D)+0.95*exp(-18*min(|L1|,|L2|,|L3|))+1.10*exp(-30*min(|C1|,|C2|))+sum(exp(-40*|E_i-1|))",7.025973,7.131238,5.511787,2.393719,-0.415844,-0.027275,0.399002,-0.031065,0.002559,-0.361053,0.001263,0.428416,0.361053,-0.001263,0.430100,0.059633
nhmuk_2446090712.jpg,saved,museum_butterfly_dorsal/mathequations_shape_fill/reconstructions/nhmuk_2446090712_math.png,0.746114,1,"L1:y=m1*x+q1; L2:y=m2*x+q2; L3:x=kx; C1:(x-h1)^2+(y-k1)^2=r1^2; C2:(x-h2)^2+(y-k2)^2=r2^2; E_i=((x-cx_i)^2/a_i^2)+((y-cy_i)^2/b_i^2); Q=sin(a*x+b*y+2*pi*D)+cos((a+b)*r-c*theta)+0.55*sin((c+phi)*3*x*y+d*D)+0.95*exp(-18*min(|L1|,|L2|,|L3|))+1.10*exp(-30*min(|C1|,|C2|))+sum(exp(-40*|E_i-1|))",6.612557,6.560606,4.881810,2.287543,-0.481991,-0.047818,0.490303,-0.045948,-0.000591,-0.359480,-0.000623,0.421801,0.359480,0.000623,0.420970,0.057254
nhmuk_2446090737.jpg,saved,museum_butterfly_dorsal/mathequations_shape_fill/reconstructions/nhmuk_2446090737_math.png,0.770476,1,"L1:y=m1*x+q1; L2:y=m2*x+q2; L3:x=kx; C1:(x-h1)^2+(y-k1)^2=r1^2; C2:(x-h2)^2+(y-k2)^2=r2^2; E_i=((x-cx_i)^2/a_i^2)+((y-cy_i)^2/b_i^2); Q=sin(a*x+b*y+2*pi*D)+cos((a+b)*r-c*theta)+0.55*sin((c+phi)*3*x*y+d*D)+0.95*exp(-18*min(|L1|,|L2|,|L3|))+1.10*exp(-30*min(|C1|,|C2|))+sum(exp(-40*|E_i-1|))",6.783447,6.873385,5.050215,2.202961,-0.454649,-0.036558,0.440258,-0.039796,0.000251,-0.360899,0.001079,0.424535,0.360899,-0.001079,0.425974,0.044052
nhmuk_2446090764.jpg,saved,museum_butterfly_dorsal/mathequations_shape_fill/reconstructions/nhmuk_2446090764_math.png,0.686272,1,"L1:y=m1*x+q1; L2:y=m2*x+q2; L3:x=kx; C1:(x-h1)^2+(y-k1)^2=r1^2; C2:(x-h2)^2+(y-k2)^2=r2^2; E_i=((x-cx_i)^2/a_i^2)+((y-cy_i)^2/b_i^2); Q=sin(a*x+b*y+2*pi*D)+cos((a+b)*r-c*theta)+0.55*sin((c+phi)*3*x*y+d*D)+0.95*exp(-18*min(|L1|,|L2|,|L3|))+1.10*exp(-30*min(|C1|,|C2|))+sum(exp(-40*|E_i-1|))",7.004777,6.955909,5.208699,2.190153,-0.419236,-0.033587,0.427055,-0.031828,0.001043,-0.359511,-0.000586,0.428076,0.359511,0.000586,0.427295,0.046110
nhmuk_2446090767.jpg,saved,museum_butterfly_dorsal/mathequations_shape_fill/reconstructions/nhmuk_2446090767_math.png,0.778431,1,"L1:y=m1*x+q1; L2:y=m2*x+q2; L3:x=kx; C1:(x-h1)^2+(y-k1)^2=r1^2; C2:(x-h2)^2+(y-k2)^2=r2^2; E_i=((x-cx_i)^2/a_i^2)+((y-cy_i)^2/b_i^2); Q=sin(a*x+b*y+2*pi*D)+cos((a+b)*r-c*theta)+0.55*sin((c+phi)*3*x*y+d*D)+0.95*exp(-18*min(|L1|,|L2|,|L3|))+1.10*exp(-30*min(|C1|,|C2|))+sum(exp(-40*|E_i-1|))",6.795133,6.901860,5.053330,2.203520,-0.452779,-0.035533,0.435702,-0.039375,0.000267,-0.361067,0.001281,0.424722,0.361067,-0.001281,0.426430,0.046408
nhmuk_2446090768.jpg,saved,museum_butterfly_dorsal/mathequations_shape_fill/reconstructions/nhmuk_2446090768_math.png,0.769727,1,"L1:y=m1*x+q1; L2:y=m2*x+q2; L3:x=kx; C1:(x-h1)^2+(y-k1)^2=r1^2; C2:(x-h2)^2+(y-k2)^2=r2^2; E_i=((x-cx_i)^2/a_i^2)+((y-cy_i)^2/b_i^2); Q=sin(a*x+b*y+2*pi*D)+cos((a+b)*r-c*theta)+0.55*sin((c+phi)*3*x*y+d*D)+0.95*exp(-18*min(|L1|,|L2|,|L3|))+1.10*exp(-30*min(|C1|,|C2|))+sum(exp(-40*|E_i-1|))",6.879381,6.843243,5.122776,2.223670,-0.439299,-0.037643,0.445081,-0.036342,0.000614,-0.359639,-0.000434,0.426070,0.359639,0.000434,0.425492,0.052850
nhmuk_2446090780.jpg,saved,museum_butterfly_dorsal/mathequations_shape_fill/reconstructions/nhmuk_2446090780_math.png,0.718169,1,"L1:y=m1*x+q1; L2:y=m2*x+q2; L3:x=kx; C1:(x-h1)^2+(y-k1)^2=r1^2; C2:(x-h2)^2+(y-k2)^2=r2^2; E_i=((x-cx_i)^2/a_i^2)+((y-cy_i)^2/b_i^2); Q=sin(a*x+b*y+2*pi*D)+cos((a+b)*r-c*theta)+0.55*sin((c+phi)*3*x*y+d*D)+0.95*exp(-18*min(|L1|,|L2|,|L3|))+1.10*exp(-30*min(|C1|,|C2|))+sum(exp(-40*|E_i-1|))",6.906619,7.008478,5.061508,2.257377,-0.434941,-0.031695,0.418644,-0.035362,0.000308,-0.361019,0.001222,0.426506,0.361019,-0.001222,0.428136,0.058579
nhmuk_2446090806.jpg,saved,museum_butterfly_dorsal/mathequations_shape_fill/reconstructions/nhmuk_2446090806_math.png,0.794990,1,"L1:y=m1*x+q1; L2:y=m2*x+q2; L3:x=kx; C1:(x-h1)^2+(y-k1)^2=r1^2; C2:(x-h2)^2+(y-k2)^2=r2^2; E_i=((x-cx_i)^2/a_i^2)+((y-cy_i)^2/b_i^2); Q=sin(a*x+b*y+2*pi*D)+cos((a+b)*r-c*theta)+0.55*sin((c+phi)*3*x*y+d*D)+0.95*exp(-18*min(|L1|,|L2|,|L3|))+1.10*exp(-30*min(|C1|,|C2|))+sum(exp(-40*|E_i-1|))",6.791257,6.878546,5.022506,2.248479,-0.453399,-0.036372,0.439433,-0.039515,0.000113,-0.360873,0.001047,0.424660,0.360873,-0.001047,0.426057,0.053685
nhmuk_2446090833.jpg,saved,museum_butterfly_dorsal/mathequations_shape_fill/reconstructions/nhmuk_2446090833_math.png,0.789736,1,"L1:y=m1*x+q1; L2:y=m2*x+q2; L3:x=kx; C1:(x-h1)^2+(y-k1)^2=r1^2; C2:(x-h2)^2+(y-k2)^2=r2^2; E_i=((x-cx_i)^2/a_i^2)+((y-cy_i)^2/b_i^2); Q=sin(a*x+b*y+2*pi*D)+cos((a+b)*r-c*theta)+0.55*sin((c+phi)*3*x*y+d*D)+0.95*exp(-18*min(|L1|,|L2|,|L3|))+1.10*exp(-30*min(|C1|,|C2|))+sum(exp(-40*|E_i-1|))",6.887630,7.002224,5.049348,2.279229,-0.437979,-0.031920,0.419644,-0.036045,0.000247,-0.361146,0.001375,0.426202,0.361146,-0.001375,0.428036,0.064369
nhmuk_2446090894.jpg,saved,museum_butterfly_dorsal/mathequations_shape_fill/reconstructions/nhmuk_2446090894_math.png,0.773266,1,"L1:y=m1*x+q1; L2:y=m2*x+q2; L3:x=kx; C1:(x-h1)^2+(y-k1)^2=r1^2; C2:(x-h2)^2+(y-k2)^2=r2^2; E_i=((x-cx_i)^2/a_i^2)+((y-cy_i)^2/b_i^2); Q=sin(a*x+b*y+2*pi*D)+cos((a+b)*r-c*theta)+0.55*sin((c+phi)*3*x*y+d*D)+0.95*exp(-18*min(|L1|,|L2|,|L3|))+1.10*exp(-30*min(|C1|,|C2|))+sum(exp(-40*|E_i-1|))",6.771797,6.742464,5.028787,2.233383,-0.456512,-0.041271,0.461206,-0.040215,0.000144,-0.359707,-0.000352,0.424349,0.359707,0.000352,0.423879,0.058914
nhmuk_2446090895.jpg,saved,museum_butterfly_dorsal/mathequations_shape_fill/reconstructions/nhmuk_2446090895_math.png,0.687149,1,"L1:y=m1*x+q1; L2:y=m2*x+q2; L3:x=kx; C1:(x-h1)^2+(y-k1)^2=r1^2; C2:(x-h2)^2+(y-k2)^2=r2^2; E_i=((x-cx_i)^2/a_i^2)+((y-cy_i)^2/b_i^2); Q=sin(a*x+b*y+2*pi*D)+cos((a+b)*r-c*theta)+0.55*sin((c+phi)*3*x*y+d*D)+0.95*exp(-18*min(|L1|,|L2|,|L3|))+1.10*exp(-30*min(|C1|,|C2|))+sum(exp(-40*|E_i-1|))",6.938827,6.897030,5.158239,2.206201,-0.429788,-0.035707,0.436475,-0.034202,0.000791,-0.359582,-0.000502,0.427021,0.359582,0.000502,0.426352,0.047653
nhmuk_2446090898.jpg,saved,museum_butterfly_dorsal/mathequations_shape_fill/reconstructions/nhmuk_2446090898_math.png,0.783737,1,"L1:y=m1*x+q1; L2:y=m2*x+q2; L3:x=kx; C1:(x-h1)^2+(y-k1)^2=r1^2; C2:(x-h2)^2+(y-k2)^2=r2^2; E_i=((x-cx_i)^2/a_i^2)+((y-cy_i)^2/b_i^2); Q=sin(a*x+b*y+2*pi*D)+cos((a+b)*r-c*theta)+0.55*sin((c+phi)*3*x*y+d*D)+0.95*exp(-18*min(|L1|,|L2|,|L3|))+1.10*exp(-30*min(|C1|,|C2|))+sum(exp(-40*|E_i-1|))",6.871057,7.000368,5.109931,2.193331,-0.440631,-0.031987,0.419941,-0.036642,0.000550,-0.361293,0.001552,0.425937,0.361293,-0.001552,0.428006,0.060660
nhmuk_2446090900.jpg,saved,museum_butterfly_dorsal/mathequations_shape_fill/reconstructions/nhmuk_2446090900_math.png,0.808212,1,"L1:y=m1*x+q1; L2:y=m2*x+q2; L3:x=kx; C1:(x-h1)^2+(y-k1)^2=r1^2; C2:(x-h2)^2+(y-k2)^2=r2^2; E_i=((x-cx_i)^2/a_i^2)+((y-cy_i)^2/b_i^2); Q=sin(a*x+b*y+2*pi*D)+cos((a+b)*r-c*theta)+0.55*sin((c+phi)*3*x*y+d*D)+0.95*exp(-18*min(|L1|,|L2|,|L3|))+1.10*exp(-30*min(|C1|,|C2|))+sum(exp(-40*|E_i-1|))",6.857904,6.978288,5.031472,2.263967,-0.442735,-0.032782,0.423474,-0.037115,0.000157,-0.361204,0.001445,0.425726,0.361204,-0.001445,0.427653,0.065079
nhmuk_2446090901.jpg,saved,museum_butterfly_dorsal/mathequations_shape_fill/reconstructions/nhmuk_2446090901_math.png,0.773711,1,"L1:y=m1*x+q1; L2:y=m2*x+q2; L3:x=kx; C1:(x-h1)^2+(y-k1)^2=r1^2; C2:(x-h2)^2+(y-k2)^2=r2^2; E_i=((x-cx_i)^2/a_i^2)+((y-cy_i)^2/b_i^2); Q=sin(a*x+b*y+2*pi*D)+cos((a+b)*r-c*theta)+0.55*sin((c+phi)*3*x*y+d*D)+0.95*exp(-18*min(|L1|,|L2|,|L3|))+1.10*exp(-30*min(|C1|,|C2|))+sum(exp(-40*|E_i-1|))",6.768206,6.861665,4.997892,2.258521,-0.457087,-0.036980,0.442134,-0.040345,-0.000011,-0.360935,0.001122,0.424291,0.360935,-0.001122,0.425787,0.052395
nhmuk_2446090953.jpg,saved,museum_butterfly_dorsal/mathequations_shape_fill/reconstructions/nhmuk_2446090953_math.png,0.755119,1,"L1:y=m1*x+q1; L2:y=m2*x+q2; L3:x=kx; C1:(x-h1)^2+(y-k1)^2=r1^2; C2:(x-h2)^2+(y-k2)^2=r2^2; E_i=((x-cx_i)^2/a_i^2)+((y-cy_i)^2/b_i^2); Q=sin(a*x+b*y+2*pi*D)+cos((a+b)*r-c*theta)+0.55*sin((c+phi)*3*x*y+d*D)+0.95*exp(-18*min(|L1|,|L2|,|L3|))+1.10*exp(-30*min(|C1|,|C2|))+sum(exp(-40*|E_i-1|))",7.311765,7.263732,5.433474,2.128404,-0.370118,-0.022506,0.377803,-0.020776,0.002167,-0.359520,-0.000576,0.432988,0.359520,0.000576,0.432220,0.042522
nhmuk_2446090955.jpg,saved,museum_butterfly_dorsal/mathequations_shape_fill/reconstructions/nhmuk_2446090955_math.png,0.770677,1,"L1:y=m1*x+q1; L2:y=m2*x+q2; L3:x=kx; C1:(x-h1)^2+(y-k1)^2=r1^2; C2:(x-h2)^2+(y-k2)^2=r2^2; E_i=((x-cx_i)^2/a_i^2)+((y-cy_i)^2/b_i^2); Q=sin(a*x+b*y+2*pi*D)+cos((a+b)*r-c*theta)+0.55*sin((c+phi)*3*x*y+d*D)+0.95*exp(-18*min(|L1|,|L2|,|L3|))+1.10*exp(-30*min(|C1|,|C2|))+sum(exp(-40*|E_i-1|))",7.001497,6.954585,5.209008,2.173576,-0.419761,-0.033635,0.427266,-0.031946,0.001045,-0.359531,-0.000563,0.428024,0.359531,0.000563,0.427273,0.051323
nhmuk_2446090992.jpg,saved,museum_butterfly_dorsal/mathequations_shape_fill/reconstructions/nhmuk_2446090992_math.png,0.764204,1,"L1:y=m1*x+q1; L2:y=m2*x+q2; L3:x=kx; C1:(x-h1)^2+(y-k1)^2=r1^2; C2:(x-h2)^2+(y-k2)^2=r2^2; E_i=((x-cx_i)^2/a_i^2)+((y-cy_i)^2/b_i^2); Q=sin(a*x+b*y+2*pi*D)+cos((a+b)*r-c*theta)+0.55*sin((c+phi)*3*x*y+d*D)+0.95*exp(-18*min(|L1|,|L2|,|L3|))+1.10*exp(-30*min(|C1|,|C2|))+sum(exp(-40*|E_i-1|))",7.216794,7.090985,5.232895,2.291475,-0.385313,-0.028725,0.405442,-0.024195,0.001164,-0.358742,-0.001510,0.431469,0.358742,0.001510,0.429456,0.073208
nhmuk_2446091444.jpg,saved,museum_butterfly_dorsal/mathequations_shape_fill/reconstructions/nhmuk_2446091444_math.png,0.818848,1,"L1:y=m1*x+q1; L2:y=m2*x+q2; L3:x=kx; C1:(x-h1)^2+(y-k1)^2=r1^2; C2:(x-h2)^2+(y-k2)^2=r2^2; E_i=((x-cx_i)^2/a_i^2)+((y-cy_i)^2/b_i^2); Q=sin(a*x+b*y+2*pi*D)+cos((a+b)*r-c*theta)+0.55*sin((c+phi)*3*x*y+d*D)+0.95*exp(-18*min(|L1|,|L2|,|L3|))+1.10*exp(-30*min(|C1|,|C2|))+sum(exp(-40*|E_i-1|))",6.414958,6.646273,4.786591,2.402506,-0.513607,-0.044734,0.476596,-0.053062,-0.001067,-0.362313,0.002776,0.418639,0.362313,-0.002776,0.422340,0.073804
nhmuk_2446091543.jpg,saved,museum_butterfly_dorsal/mathequations_shape_fill/reconstructions/nhmuk_2446091543_math.png,0.808691,1,"L1:y=m1*x+q1; L2:y=m2*x+q2; L3:x=kx; C1:(x-h1)^2+(y-k1)^2=r1^2; C2:(x-h2)^2+(y-k2)^2=r2^2; E_i=((x-cx_i)^2/a_i^2)+((y-cy_i)^2/b_i^2); Q=sin(a*x+b*y+2*pi*D)+cos((a+b)*r-c*theta)+0.55*sin((c+phi)*3*x*y+d*D)+0.95*exp(-18*min(|L1|,|L2|,|L3|))+1.10*exp(-30*min(|C1|,|C2|))+sum(exp(-40*|E_i-1|))",6.679030,6.868453,5.011312,2.262185,-0.471355,-0.036736,0.441048,-0.043555,0.000057,-0.361894,0.002273,0.422864,0.361894,-0.002273,0.425895,0.058341
nhmuk_2446091568.jpg,saved,museum_butterfly_dorsal/mathequations_shape_fill/reconstructions/nhmuk_2446091568_math.png,0.817167,1,"L1:y=m1*x+q1; L2:y=m2*x+q2; L3:x=kx; C1:(x-h1)^2+(y-k1)^2=r1^2; C2:(x-h2)^2+(y-k2)^2=r2^2; E_i=((x-cx_i)^2/a_i^2)+((y-cy_i)^2/b_i^2); Q=sin(a*x+b*y+2*pi*D)+cos((a+b)*r-c*theta)+0.55*sin((c+phi)*3*x*y+d*D)+0.95*exp(-18*min(|L1|,|L2|,|L3|))+1.10*exp(-30*min(|C1|,|C2|))+sum(exp(-40*|E_i-1|))",6.432323,6.623532,4.775632,2.356918,-0.510828,-0.045553,0.480235,-0.052436,-0.001122,-0.361912,0.002295,0.418917,0.361912,-0.002295,0.421977,0.068174
nhmuk_2446091576.jpg,saved,museum_butterfly_dorsal/mathequations_shape_fill/reconstructions/nhmuk_2446091576_math.png,0.797830,1,"L1:y=m1*x+q1; L2:y=m2*x+q2; L3:x=kx; C1:(x-h1)^2+(y-k1)^2=r1^2; C2:(x-h2)^2+(y-k2)^2=r2^2; E_i=((x-cx_i)^2/a_i^2)+((y-cy_i)^2/b_i^2); Q=sin(a*x+b*y+2*pi*D)+cos((a+b)*r-c*theta)+0.55*sin((c+phi)*3*x*y+d*D)+0.95*exp(-18*min(|L1|,|L2|,|L3|))+1.10*exp(-30*min(|C1|,|C2|))+sum(exp(-40*|E_i-1|))",6.691999,6.639656,4.964990,2.306669,-0.469280,-0.044972,0.477655,-0.043088,-0.000175,-0.359477,-0.000628,0.423072,0.359477,0.000628,0.422234,0.046338
nhmuk_2446091577.jpg,saved,museum_butterfly_dorsal/mathequations_shape_fill/reconstructions/nhmuk_2446091577_math.png,0.787813,1,"L1:y=m1*x+q1; L2:y=m2*x+q2; L3:x=kx; C1:(x-h1)^2+(y-k1)^2=r1^2; C2:(x-h2)^2+(y-k2)^2=r2^2; E_i=((x-cx_i)^2/a_i^2)+((y-cy_i)^2/b_i^2); Q=sin(a*x+b*y+2*pi*D)+cos((a+b)*r-c*theta)+0.55*sin((c+phi)*3*x*y+d*D)+0.95*exp(-18*min(|L1|,|L2|,|L3|))+1.10*exp(-30*min(|C1|,|C2|))+sum(exp(-40*|E_i-1|))",6.939759,6.900661,5.169508,2.199296,-0.429639,-0.035576,0.435894,-0.034169,0.000848,-0.359609,-0.000469,0.427036,0.359609,0.000469,0.426411,0.042728
nhmuk_2446091579.jpg,saved,museum_butterfly_dorsal/mathequations_shape_fill/reconstructions/nhmuk_2446091579_math.png,0.810199,1,"L1:y=m1*x+q1; L2:y=m2*x+q2; L3:x=kx; C1:(x-h1)^2+(y-k1)^2=r1^2; C2:(x-h2)^2+(y-k2)^2=r2^2; E_i=((x-cx_i)^2/a_i^2)+((y-cy_i)^2/b_i^2); Q=sin(a*x+b*y+2*pi*D)+cos((a+b)*r-c*theta)+0.55*sin((c+phi)*3*x*y+d*D)+0.95*exp(-18*min(|L1|,|L2|,|L3|))+1.10*exp(-30*min(|C1|,|C2|))+sum(exp(-40*|E_i-1|))",6.570674,6.736610,4.884421,2.360895,-0.488692,-0.041482,0.462142,-0.047456,-0.000578,-0.361659,0.001991,0.421131,0.361659,-0.001991,0.423786,0.067670
nhmuk_2446091584.jpg,saved,museum_butterfly_dorsal/mathequations_shape_fill/reconstructions/nhmuk_2446091584_math.png,0.819839,1,"L1:y=m1*x+q1; L2:y=m2*x+q2; L3:x=kx; C1:(x-h1)^2+(y-k1)^2=r1^2; C2:(x-h2)^2+(y-k2)^2=r2^2; E_i=((x-cx_i)^2/a_i^2)+((y-cy_i)^2/b_i^2); Q=sin(a*x+b*y+2*pi*D)+cos((a+b)*r-c*theta)+0.55*sin((c+phi)*3*x*y+d*D)+0.95*exp(-18*min(|L1|,|L2|,|L3|))+1.10*exp(-30*min(|C1|,|C2|))+sum(exp(-40*|E_i-1|))",6.480837,6.700554,4.821525,2.391892,-0.503066,-0.042780,0.467911,-0.050690,-0.000892,-0.362197,0.002637,0.419693,0.362197,-0.002637,0.423209,0.069338
nhmuk_2446091911.jpg,saved,museum_butterfly_dorsal/mathequations_shape_fill/reconstructions/nhmuk_2446091911_math.png,0.794343,1,"L1:y=m1*x+q1; L2:y=m2*x+q2; L3:x=kx; C1:(x-h1)^2+(y-k1)^2=r1^2; C2:(x-h2)^2+(y-k2)^2=r2^2; E_i=((x-cx_i)^2/a_i^2)+((y-cy_i)^2/b_i^2); Q=sin(a*x+b*y+2*pi*D)+cos((a+b)*r-c*theta)+0.55*sin((c+phi)*3*x*y+d*D)+0.95*exp(-18*min(|L1|,|L2|,|L3|))+1.10*exp(-30*min(|C1|,|C2|))+sum(exp(-40*|E_i-1|))",6.645811,6.862565,5.043606,2.230451,-0.476670,-0.036948,0.441990,-0.044751,0.000218,-0.362168,0.002601,0.422333,0.362168,-0.002601,0.425801,0.052140
nhmuk_2446091912.jpg,saved,museum_butterfly_dorsal/mathequations_shape_fill/reconstructions/nhmuk_2446091912_math.png,0.764699,1,"L1:y=m1*x+q1; L2:y=m2*x+q2; L3:x=kx; C1:(x-h1)^2+(y-k1)^2=r1^2; C2:(x-h2)^2+(y-k2)^2=r2^2; E_i=((x-cx_i)^2/a_i^2)+((y-cy_i)^2/b_i^2); Q=sin(a*x+b*y+2*pi*D)+cos((a+b)*r-c*theta)+0.55*sin((c+phi)*3*x*y+d*D)+0.95*exp(-18*min(|L1|,|L2|,|L3|))+1.10*exp(-30*min(|C1|,|C2|))+sum(exp(-40*|E_i-1|))",6.547967,6.732901,4.864316,2.342484,-0.492325,-0.041616,0.462736,-0.048273,-0.000678,-0.361849,0.002219,0.420767,0.361849,-0.002219,0.423726,0.062242
nhmuk_2446091922.jpg,saved,museum_butterfly_dorsal/mathequations_shape_fill/reconstructions/nhmuk_2446091922_math.png,0.819748,1,"L1:y=m1*x+q1; L2:y=m2*x+q2; L3:x=kx; C1:(x-h1)^2+(y-k1)^2=r1^2; C2:(x-h2)^2+(y-k2)^2=r2^2; E_i=((x-cx_i)^2/a_i^2)+((y-cy_i)^2/b_i^2); Q=sin(a*x+b*y+2*pi*D)+cos((a+b)*r-c*theta)+0.55*sin((c+phi)*3*x*y+d*D)+0.95*exp(-18*min(|L1|,|L2|,|L3|))+1.10*exp(-30*min(|C1|,|C2|))+sum(exp(-40*|E_i-1|))",6.411139,6.571630,4.730033,2.375012,-0.514218,-0.047421,0.488539,-0.053199,-0.001350,-0.361605,0.001926,0.418578,0.361605,-0.001926,0.421146,0.067317
nhmuk_2446091923.jpg,saved,museum_butterfly_dorsal/mathequations_shape_fill/reconstructions/nhmuk_2446091923_math.png,0.802869,1,"L1:y=m1*x+q1; L2:y=m2*x+q2; L3:x=kx; C1:(x-h1)^2+(y-k1)^2=r1^2; C2:(x-h2)^2+(y-k2)^2=r2^2; E_i=((x-cx_i)^2/a_i^2)+((y-cy_i)^2/b_i^2); Q=sin(a*x+b*y+2*pi*D)+cos((a+b)*r-c*theta)+0.55*sin((c+phi)*3*x*y+d*D)+0.95*exp(-18*min(|L1|,|L2|,|L3|))+1.10*exp(-30*min(|C1|,|C2|))+sum(exp(-40*|E_i-1|))",6.534687,6.790969,4.878527,2.359953,-0.494450,-0.039525,0.453445,-0.048751,-0.000607,-0.362563,0.003075,0.420555,0.362563,-0.003075,0.424656,0.063357
nhmuk_2446091930.jpg,saved,museum_butterfly_dorsal/mathequations_shape_fill/reconstructions/nhmuk_2446091930_math.png,0.779927,1,"L1:y=m1*x+q1; L2:y=m2*x+q2; L3:x=kx; C1:(x-h1)^2+(y-k1)^2=r1^2; C2:(x-h2)^2+(y-k2)^2=r2^2; E_i=((x-cx_i)^2/a_i^2)+((y-cy_i)^2/b_i^2); Q=sin(a*x+b*y+2*pi*D)+cos((a+b)*r-c*theta)+0.55*sin((c+phi)*3*x*y+d*D)+0.95*exp(-18*min(|L1|,|L2|,|L3|))+1.10*exp(-30*min(|C1|,|C2|))+sum(exp(-40*|E_i-1|))",6.482362,6.374530,4.727974,2.490726,-0.502822,-0.054517,0.520075,-0.050635,-0.001360,-0.358922,-0.001294,0.419718,0.358922,0.001294,0.417992,0.060085
nhmuk_2446091932.jpg,saved,museum_butterfly_dorsal/mathequations_shape_fill/reconstructions/nhmuk_2446091932_math.png,0.787048,1,"L1:y=m1*x+q1; L2:y=m2*x+q2; L3:x=kx; C1:(x-h1)^2+(y-k1)^2=r1^2; C2:(x-h2)^2+(y-k2)^2=r2^2; E_i=((x-cx_i)^2/a_i^2)+((y-cy_i)^2/b_i^2); Q=sin(a*x+b*y+2*pi*D)+cos((a+b)*r-c*theta)+0.55*sin((c+phi)*3*x*y+d*D)+0.95*exp(-18*min(|L1|,|L2|,|L3|))+1.10*exp(-30*min(|C1|,|C2|))+sum(exp(-40*|E_i-1|))",7.014128,6.870968,5.061234,2.331604,-0.417740,-0.036645,0.440645,-0.031491,0.000306,-0.358568,-0.001718,0.428226,0.358568,0.001718,0.425935,0.060492
nhmuk_2446091934.jpg,saved,museum_butterfly_dorsal/mathequations_shape_fill/reconstructions/nhmuk_2446091934_math.png,0.813734,1,"L1:y=m1*x+q1; L2:y=m2*x+q2; L3:x=kx; C1:(x-h1)^2+(y-k1)^2=r1^2; C2:(x-h2)^2+(y-k2)^2=r2^2; E_i=((x-cx_i)^2/a_i^2)+((y-cy_i)^2/b_i^2); Q=sin(a*x+b*y+2*pi*D)+cos((a+b)*r-c*theta)+0.55*sin((c+phi)*3*x*y+d*D)+0.95*exp(-18*min(|L1|,|L2|,|L3|))+1.10*exp(-30*min(|C1|,|C2|))+sum(exp(-40*|E_i-1|))",6.900532,6.821353,5.070583,2.264980,-0.435915,-0.038431,0.448584,-0.035581,0.000353,-0.359208,-0.000950,0.426409,0.359208,0.000950,0.425142,0.054092
nhmuk_2446092109.jpg,saved,museum_butterfly_dorsal/mathequations_shape_fill/reconstructions/nhmuk_2446092109_math.png,0.769036,1,"L1:y=m1*x+q1; L2:y=m2*x+q2; L3:x=kx; C1:(x-h1)^2+(y-k1)^2=r1^2; C2:(x-h2)^2+(y-k2)^2=r2^2; E_i=((x-cx_i)^2/a_i^2)+((y-cy_i)^2/b_i^2); Q=sin(a*x+b*y+2*pi*D)+cos((a+b)*r-c*theta)+0.55*sin((c+phi)*3*x*y+d*D)+0.95*exp(-18*min(|L1|,|L2|,|L3|))+1.10*exp(-30*min(|C1|,|C2|))+sum(exp(-40*|E_i-1|))",6.928894,6.782935,4.983916,2.381003,-0.431377,-0.039814,0.454730,-0.034560,-0.000080,-0.358540,-0.001752,0.426862,0.358540,0.001752,0.424527,0.060229
nhmuk_2446092110.jpg,saved,museum_butterfly_dorsal/mathequations_shape_fill/reconstructions/nhmuk_2446092110_math.png,0.811593,1,"L1:y=m1*x+q1; L2:y=m2*x+q2; L3:x=kx; C1:(x-h1)^2+(y-k1)^2=r1^2; C2:(x-h2)^2+(y-k2)^2=r2^2; E_i=((x-cx_i)^2/a_i^2)+((y-cy_i)^2/b_i^2); Q=sin(a*x+b*y+2*pi*D)+cos((a+b)*r-c*theta)+0.55*sin((c+phi)*3*x*y+d*D)+0.95*exp(-18*min(|L1|,|L2|,|L3|))+1.10*exp(-30*min(|C1|,|C2|))+sum(exp(-40*|E_i-1|))",6.770275,6.913411,5.056279,2.264563,-0.456756,-0.035117,0.433854,-0.040270,0.000281,-0.361431,0.001718,0.424324,0.361431,-0.001718,0.426615,0.056140
nhmuk_2446092111.jpg,saved,museum_butterfly_dorsal/mathequations_shape_fill/reconstructions/nhmuk_2446092111_math.png,0.753355,1,"L1:y=m1*x+q1; L2:y=m2*x+q2; L3:x=kx; C1:(x-h1)^2+(y-k1)^2=r1^2; C2:(x-h2)^2+(y-k2)^2=r2^2; E_i=((x-cx_i)^2/a_i^2)+((y-cy_i)^2/b_i^2); Q=sin(a*x+b*y+2*pi*D)+cos((a+b)*r-c*theta)+0.55*sin((c+phi)*3*x*y+d*D)+0.95*exp(-18*min(|L1|,|L2|,|L3|))+1.10*exp(-30*min(|C1|,|C2|))+sum(exp(-40*|E_i-1|))",6.838989,7.056872,5.171460,2.187306,-0.445762,-0.029953,0.410900,-0.037796,0.000857,-0.362179,0.002615,0.425424,0.362179,-0.002615,0.428910,0.056279
nhmuk_2446092169.jpg,saved,museum_butterfly_dorsal/mathequations_shape_fill/reconstructions/nhmuk_2446092169_math.png,0.781629,1,"L1:y=m1*x+q1; L2:y=m2*x+q2; L3:x=kx; C1:(x-h1)^2+(y-k1)^2=r1^2; C2:(x-h2)^2+(y-k2)^2=r2^2; E_i=((x-cx_i)^2/a_i^2)+((y-cy_i)^2/b_i^2); Q=sin(a*x+b*y+2*pi*D)+cos((a+b)*r-c*theta)+0.55*sin((c+phi)*3*x*y+d*D)+0.95*exp(-18*min(|L1|,|L2|,|L3|))+1.10*exp(-30*min(|C1|,|C2|))+sum(exp(-40*|E_i-1|))",6.831532,6.739616,5.015179,2.317606,-0.446955,-0.041374,0.461661,-0.038065,0.000076,-0.359081,-0.001103,0.425305,0.359081,0.001103,0.423834,0.057641
nhmuk_2446092174.jpg,saved,museum_butterfly_dorsal/mathequations_shape_fill/reconstructions/nhmuk_2446092174_math.png,0.823527,1,"L1:y=m1*x+q1; L2:y=m2*x+q2; L3:x=kx; C1:(x-h1)^2+(y-k1)^2=r1^2; C2:(x-h2)^2+(y-k2)^2=r2^2; E_i=((x-cx_i)^2/a_i^2)+((y-cy_i)^2/b_i^2); Q=sin(a*x+b*y+2*pi*D)+cos((a+b)*r-c*theta)+0.55*sin((c+phi)*3*x*y+d*D)+0.95*exp(-18*min(|L1|,|L2|,|L3|))+1.10*exp(-30*min(|C1|,|C2|))+sum(exp(-40*|E_i-1|))",6.405756,6.649852,4.808891,2.354925,-0.515079,-0.044605,0.476024,-0.053393,-0.000956,-0.362441,0.002929,0.418492,0.362441,-0.002929,0.422398,0.062527
nhmuk_2446092177.jpg,saved,museum_butterfly_dorsal/mathequations_shape_fill/reconstructions/nhmuk_2446092177_math.png,0.774115,1,"L1:y=m1*x+q1; L2:y=m2*x+q2; L3:x=kx; C1:(x-h1)^2+(y-k1)^2=r1^2; C2:(x-h2)^2+(y-k2)^2=r2^2; E_i=((x-cx_i)^2/a_i^2)+((y-cy_i)^2/b_i^2); Q=sin(a*x+b*y+2*pi*D)+cos((a+b)*r-c*theta)+0.55*sin((c+phi)*3*x*y+d*D)+0.95*exp(-18*min(|L1|,|L2|,|L3|))+1.10*exp(-30*min(|C1|,|C2|))+sum(exp(-40*|E_i-1|))",6.552128,6.697104,4.887412,2.338717,-0.491660,-0.042904,0.468463,-0.048123,-0.000563,-0.361450,0.001740,0.420834,0.361450,-0.001740,0.423154,0.055415
nhmuk_2446092178.jpg,saved,museum_butterfly_dorsal/mathequations_shape_fill/reconstructions/nhmuk_2446092178_math.png,0.792713,1,"L1:y=m1*x+q1; L2:y=m2*x+q2; L3:x=kx; C1:(x-h1)^2+(y-k1)^2=r1^2; C2:(x-h2)^2+(y-k2)^2=r2^2; E_i=((x-cx_i)^2/a_i^2)+((y-cy_i)^2/b_i^2); Q=sin(a*x+b*y+2*pi*D)+cos((a+b)*r-c*theta)+0.55*sin((c+phi)*3*x*y+d*D)+0.95*exp(-18*min(|L1|,|L2|,|L3|))+1.10*exp(-30*min(|C1|,|C2|))+sum(exp(-40*|E_i-1|))",6.250361,6.463252,4.640685,2.441638,-0.539942,-0.051323,0.505880,-0.058987,-0.001797,-0.362129,0.002555,0.416006,0.362129,-0.002555,0.419412,0.064849
nhmuk_2446092219.jpg,saved,museum_butterfly_dorsal/mathequations_shape_fill/reconstructions/nhmuk_2446092219_math.png,0.795328,1,"L1:y=m1*x+q1; L2:y=m2*x+q2; L3:x=kx; C1:(x-h1)^2+(y-k1)^2=r1^2; C2:(x-h2)^2+(y-k2)^2=r2^2; E_i=((x-cx_i)^2/a_i^2)+((y-cy_i)^2/b_i^2); Q=sin(a*x+b*y+2*pi*D)+cos((a+b)*r-c*theta)+0.55*sin((c+phi)*3*x*y+d*D)+0.95*exp(-18*min(|L1|,|L2|,|L3|))+1.10*exp(-30*min(|C1|,|C2|))+sum(exp(-40*|E_i-1|))",6.523154,6.694675,4.895443,2.320083,-0.496295,-0.042992,0.468852,-0.049166,-0.000523,-0.361715,0.002058,0.420370,0.361715,-0.002058,0.423115,0.059704
nhmuk_2446092222.jpg,saved,museum_butterfly_dorsal/mathequations_shape_fill/reconstructions/nhmuk_2446092222_math.png,0.763493,1,"L1:y=m1*x+q1; L2:y=m2*x+q2; L3:x=kx; C1:(x-h1)^2+(y-k1)^2=r1^2; C2:(x-h2)^2+(y-k2)^2=r2^2; E_i=((x-cx_i)^2/a_i^2)+((y-cy_i)^2/b_i^2); Q=sin(a*x+b*y+2*pi*D)+cos((a+b)*r-c*theta)+0.55*sin((c+phi)*3*x*y+d*D)+0.95*exp(-18*min(|L1|,|L2|,|L3|))+1.10*exp(-30*min(|C1|,|C2|))+sum(exp(-40*|E_i-1|))",6.821532,6.905392,5.055748,2.233414,-0.448555,-0.035406,0.435137,-0.038425,0.000279,-0.360839,0.001006,0.425145,0.360839,-0.001006,0.426486,0.060181
nhmuk_2446092408.jpg,saved,museum_butterfly_dorsal/mathequations_shape_fill/reconstructions/nhmuk_2446092408_math.png,0.805352,1,"L1:y=m1*x+q1; L2:y=m2*x+q2; L3:x=kx; C1:(x-h1)^2+(y-k1)^2=r1^2; C2:(x-h2)^2+(y-k2)^2=r2^2; E_i=((x-cx_i)^2/a_i^2)+((y-cy_i)^2/b_i^2); Q=sin(a*x+b*y+2*pi*D)+cos((a+b)*r-c*theta)+0.55*sin((c+phi)*3*x*y+d*D)+0.95*exp(-18*min(|L1|,|L2|,|L3|))+1.10*exp(-30*min(|C1|,|C2|))+sum(exp(-40*|E_i-1|))",7.014655,7.049415,5.237147,2.136484,-0.417655,-0.030221,0.412094,-0.031472,0.001186,-0.360348,0.000417,0.428234,0.360348,-0.000417,0.428791,0.038152
nhmuk_2446092409.jpg,saved,museum_butterfly_dorsal/mathequations_shape_fill/reconstructions/nhmuk_2446092409_math.png,0.799581,1,"L1:y=m1*x+q1; L2:y=m2*x+q2; L3:x=kx; C1:(x-h1)^2+(y-k1)^2=r1^2; C2:(x-h2)^2+(y-k2)^2=r2^2; E_i=((x-cx_i)^2/a_i^2)+((y-cy_i)^2/b_i^2); Q=sin(a*x+b*y+2*pi*D)+cos((a+b)*r-c*theta)+0.55*sin((c+phi)*3*x*y+d*D)+0.95*exp(-18*min(|L1|,|L2|,|L3|))+1.10*exp(-30*min(|C1|,|C2|))+sum(exp(-40*|E_i-1|))",6.663997,6.604620,4.912378,2.301116,-0.473761,-0.046234,0.483261,-0.044096,-0.000438,-0.359406,-0.000713,0.422624,0.359406,0.000713,0.421674,0.045442
nhmuk_2446092412.jpg,saved,museum_butterfly_dorsal/mathequations_shape_fill/reconstructions/nhmuk_2446092412_math.png,0.735490,1,"L1:y=m1*x+q1; L2:y=m2*x+q2; L3:x=kx; C1:(x-h1)^2+(y-k1)^2=r1^2; C2:(x-h2)^2+(y-k2)^2=r2^2; E_i=((x-cx_i)^2/a_i^2)+((y-cy_i)^2/b_i^2); Q=sin(a*x+b*y+2*pi*D)+cos((a+b)*r-c*theta)+0.55*sin((c+phi)*3*x*y+d*D)+0.95*exp(-18*min(|L1|,|L2|,|L3|))+1.10*exp(-30*min(|C1|,|C2|))+sum(exp(-40*|E_i-1|))",7.010638,6.917023,5.144023,2.294628,-0.418298,-0.034987,0.433276,-0.031617,0.000720,-0.359064,-0.001123,0.428170,0.359064,0.001123,0.426672,0.049524
nhmuk_2446092413.jpg,saved,museum_butterfly_dorsal/mathequations_shape_fill/reconstructions/nhmuk_2446092413_math.png,0.748934,1,"L1:y=m1*x+q1; L2:y=m2*x+q2; L3:x=kx; C1:(x-h1)^2+(y-k1)^2=r1^2; C2:(x-h2)^2+(y-k2)^2=r2^2; E_i=((x-cx_i)^2/a_i^2)+((y-cy_i)^2/b_i^2); Q=sin(a*x+b*y+2*pi*D)+cos((a+b)*r-c*theta)+0.55*sin((c+phi)*3*x*y+d*D)+0.95*exp(-18*min(|L1|,|L2|,|L3|))+1.10*exp(-30*min(|C1|,|C2|))+sum(exp(-40*|E_i-1|))",6.774612,6.652838,4.928688,2.366035,-0.456062,-0.044498,0.475546,-0.040114,-0.000357,-0.358782,-0.001461,0.424394,0.358782,0.001461,0.422445,0.059371
nhmuk_2446092416.jpg,saved,museum_butterfly_dorsal/mathequations_shape_fill/reconstructions/nhmuk_2446092416_math.png,0.819346,1,"L1:y=m1*x+q1; L2:y=m2*x+q2; L3:x=kx; C1:(x-h1)^2+(y-k1)^2=r1^2; C2:(x-h2)^2+(y-k2)^2=r2^2; E_i=((x-cx_i)^2/a_i^2)+((y-cy_i)^2/b_i^2); Q=sin(a*x+b*y+2*pi*D)+cos((a+b)*r-c*theta)+0.55*sin((c+phi)*3*x*y+d*D)+0.95*exp(-18*min(|L1|,|L2|,|L3|))+1.10*exp(-30*min(|C1|,|C2|))+sum(exp(-40*|E_i-1|))",6.844011,6.906118,5.119257,2.164420,-0.444958,-0.035380,0.435021,-0.037616,0.000596,-0.360621,0.000745,0.425504,0.360621,-0.000745,0.426498,0.043317
nhmuk_2446092419.jpg,saved,museum_butterfly_dorsal/mathequations_shape_fill/reconstructions/nhmuk_2446092419_math.png,0.749479,1,"L1:y=m1*x+q1; L2:y=m2*x+q2; L3:x=kx; C1:(x-h1)^2+(y-k1)^2=r1^2; C2:(x-h2)^2+(y-k2)^2=r2^2; E_i=((x-cx_i)^2/a_i^2)+((y-cy_i)^2/b_i^2); Q=sin(a*x+b*y+2*pi*D)+cos((a+b)*r-c*theta)+0.55*sin((c+phi)*3*x*y+d*D)+0.95*exp(-18*min(|L1|,|L2|,|L3|))+1.10*exp(-30*min(|C1|,|C2|))+sum(exp(-40*|E_i-1|))",7.021678,7.121307,5.208074,2.241947,-0.416532,-0.027633,0.400591,-0.031220,0.001040,-0.360996,0.001196,0.428347,0.360996,-0.001196,0.429941,0.054993
nhmuk_2446092421.jpg,saved,museum_butterfly_dorsal/mathequations_shape_fill/reconstructions/nhmuk_2446092421_math.png,0.782160,1,"L1:y=m1*x+q1; L2:y=m2*x+q2; L3:x=kx; C1:(x-h1)^2+(y-k1)^2=r1^2; C2:(x-h2)^2+(y-k2)^2=r2^2; E_i=((x-cx_i)^2/a_i^2)+((y-cy_i)^2/b_i^2); Q=sin(a*x+b*y+2*pi*D)+cos((a+b)*r-c*theta)+0.55*sin((c+phi)*3*x*y+d*D)+0.95*exp(-18*min(|L1|,|L2|,|L3|))+1.10*exp(-30*min(|C1|,|C2|))+sum(exp(-40*|E_i-1|))",6.801027,6.772463,4.868936,2.383945,-0.451836,-0.040191,0.456406,-0.039163,-0.000655,-0.359714,-0.000343,0.424816,0.359714,0.000343,0.424359,0.065936
nhmuk_2446092424.jpg,saved,museum_butterfly_dorsal/mathequations_shape_fill/reconstructions/nhmuk_2446092424_math.png,0.796466,1,"L1:y=m1*x+q1; L2:y=m2*x+q2; L3:x=kx; C1:(x-h1)^2+(y-k1)^2=r1^2; C2:(x-h2)^2+(y-k2)^2=r2^2; E_i=((x-cx_i)^2/a_i^2)+((y-cy_i)^2/b_i^2); Q=sin(a*x+b*y+2*pi*D)+cos((a+b)*r-c*theta)+0.55*sin((c+phi)*3*x*y+d*D)+0.95*exp(-18*min(|L1|,|L2|,|L3|))+1.10*exp(-30*min(|C1|,|C2|))+sum(exp(-40*|E_i-1|))",6.823223,6.752945,5.066655,2.237657,-0.448284,-0.040894,0.459529,-0.038364,0.000333,-0.359297,-0.000843,0.425172,0.359297,0.000843,0.424047,0.044527
nhmuk_2446092428.jpg,saved,museum_butterfly_dorsal/mathequations_shape_fill/reconstructions/nhmuk_2446092428_math.png,0.748891,1,"L1:y=m1*x+q1; L2:y=m2*x+q2; L3:x=kx; C1:(x-h1)^2+(y-k1)^2=r1^2; C2:(x-h2)^2+(y-k2)^2=r2^2; E_i=((x-cx_i)^2/a_i^2)+((y-cy_i)^2/b_i^2); Q=sin(a*x+b*y+2*pi*D)+cos((a+b)*r-c*theta)+0.55*sin((c+phi)*3*x*y+d*D)+0.95*exp(-18*min(|L1|,|L2|,|L3|))+1.10*exp(-30*min(|C1|,|C2|))+sum(exp(-40*|E_i-1|))",6.858586,6.727419,4.973405,2.353261,-0.442626,-0.041813,0.463613,-0.037091,-0.000133,-0.358688,-0.001574,0.425737,0.358688,0.001574,0.423639,0.057023
nhmuk_2446092431.jpg,saved,museum_butterfly_dorsal/mathequations_shape_fill/reconstructions/nhmuk_2446092431_math.png,0.814520,1,"L1:y=m1*x+q1; L2:y=m2*x+q2; L3:x=kx; C1:(x-h1)^2+(y-k1)^2=r1^2; C2:(x-h2)^2+(y-k2)^2=r2^2; E_i=((x-cx_i)^2/a_i^2)+((y-cy_i)^2/b_i^2); Q=sin(a*x+b*y+2*pi*D)+cos((a+b)*r-c*theta)+0.55*sin((c+phi)*3*x*y+d*D)+0.95*exp(-18*min(|L1|,|L2|,|L3|))+1.10*exp(-30*min(|C1|,|C2|))+sum(exp(-40*|E_i-1|))",6.668001,6.620751,4.993405,2.221937,-0.473120,-0.045653,0.480680,-0.043952,-0.000033,-0.359528,-0.000567,0.422688,0.359528,0.000567,0.421932,0.034173
nhmuk_2446092432.jpg,saved,museum_butterfly_dorsal/mathequations_shape_fill/reconstructions/nhmuk_2446092432_math.png,0.770745,1,"L1:y=m1*x+q1; L2:y=m2*x+q2; L3:x=kx; C1:(x-h1)^2+(y-k1)^2=r1^2; C2:(x-h2)^2+(y-k2)^2=r2^2; E_i=((x-cx_i)^2/a_i^2)+((y-cy_i)^2/b_i^2); Q=sin(a*x+b*y+2*pi*D)+cos((a+b)*r-c*theta)+0.55*sin((c+phi)*3*x*y+d*D)+0.95*exp(-18*min(|L1|,|L2|,|L3|))+1.10*exp(-30*min(|C1|,|C2|))+sum(exp(-40*|E_i-1|))",6.743578,6.651211,4.947803,2.334703,-0.461027,-0.044556,0.475806,-0.041231,-0.000261,-0.359076,-0.001108,0.423897,0.359076,0.001108,0.422419,0.048224
nhmuk_2446092433.jpg,saved,museum_butterfly_dorsal/mathequations_shape_fill/reconstructions/nhmuk_2446092433_math.png,0.798253,1,"L1:y=m1*x+q1; L2:y=m2*x+q2; L3:x=kx; C1:(x-h1)^2+(y-k1)^2=r1^2; C2:(x-h2)^2+(y-k2)^2=r2^2; E_i=((x-cx_i)^2/a_i^2)+((y-cy_i)^2/b_i^2); Q=sin(a*x+b*y+2*pi*D)+cos((a+b)*r-c*theta)+0.55*sin((c+phi)*3*x*y+d*D)+0.95*exp(-18*min(|L1|,|L2|,|L3|))+1.10*exp(-30*min(|C1|,|C2|))+sum(exp(-40*|E_i-1|))",6.732219,6.899754,5.069822,2.249691,-0.462845,-0.035609,0.436039,-0.041640,0.000349,-0.361675,0.002010,0.423715,0.361675,-0.002010,0.426396,0.053109
nhmuk_2446092434.jpg,saved,museum_butterfly_dorsal/mathequations_shape_fill/reconstructions/nhmuk_2446092434_math.png,0.786310,1,"L1:y=m1*x+q1; L2:y=m2*x+q2; L3:x=kx; C1:(x-h1)^2+(y-k1)^2=r1^2; C2:(x-h2)^2+(y-k2)^2=r2^2; E_i=((x-cx_i)^2/a_i^2)+((y-cy_i)^2/b_i^2); Q=sin(a*x+b*y+2*pi*D)+cos((a+b)*r-c*theta)+0.55*sin((c+phi)*3*x*y+d*D)+0.95*exp(-18*min(|L1|,|L2|,|L3|))+1.10*exp(-30*min(|C1|,|C2|))+sum(exp(-40*|E_i-1|))",6.686071,6.817199,4.941488,2.325314,-0.470229,-0.038581,0.449248,-0.043301,-0.000293,-0.361311,0.001574,0.422977,0.361311,-0.001574,0.425075,0.059080
nhmuk_2446092435.jpg,saved,museum_butterfly_dorsal/mathequations_shape_fill/reconstructions/nhmuk_2446092435_math.png,0.805194,1,"L1:y=m1*x+q1; L2:y=m2*x+q2; L3:x=kx; C1:(x-h1)^2+(y-k1)^2=r1^2; C2:(x-h2)^2+(y-k2)^2=r2^2; E_i=((x-cx_i)^2/a_i^2)+((y-cy_i)^2/b_i^2); Q=sin(a*x+b*y+2*pi*D)+cos((a+b)*r-c*theta)+0.55*sin((c+phi)*3*x*y+d*D)+0.95*exp(-18*min(|L1|,|L2|,|L3|))+1.10*exp(-30*min(|C1|,|C2|))+sum(exp(-40*|E_i-1|))",6.784438,6.919564,5.085040,2.235563,-0.454490,-0.034896,0.432870,-0.039760,0.000425,-0.361351,0.001622,0.424551,0.361351,-0.001622,0.426713,0.054442
nhmuk_2446092469.jpg,saved,museum_butterfly_dorsal/mathequations_shape_fill/reconstructions/nhmuk_2446092469_math.png,0.759383,1,"L1:y=m1*x+q1; L2:y=m2*x+q2; L3:x=kx; C1:(x-h1)^2+(y-k1)^2=r1^2; C2:(x-h2)^2+(y-k2)^2=r2^2; E_i=((x-cx_i)^2/a_i^2)+((y-cy_i)^2/b_i^2); Q=sin(a*x+b*y+2*pi*D)+cos((a+b)*r-c*theta)+0.55*sin((c+phi)*3*x*y+d*D)+0.95*exp(-18*min(|L1|,|L2|,|L3|))+1.10*exp(-30*min(|C1|,|C2|))+sum(exp(-40*|E_i-1|))",6.568580,6.712897,4.927245,2.303835,-0.489027,-0.042336,0.465936,-0.047531,-0.000364,-0.361443,0.001732,0.421097,0.361443,-0.001732,0.423406,0.051608
nhmuk_2446092470.jpg,saved,museum_butterfly_dorsal/mathequations_shape_fill/reconstructions/nhmuk_2446092470_math.png,0.776971,1,"L1:y=m1*x+q1; L2:y=m2*x+q2; L3:x=kx; C1:(x-h1)^2+(y-k1)^2=r1^2; C2:(x-h2)^2+(y-k2)^2=r2^2; E_i=((x-cx_i)^2/a_i^2)+((y-cy_i)^2/b_i^2); Q=sin(a*x+b*y+2*pi*D)+cos((a+b)*r-c*theta)+0.55*sin((c+phi)*3*x*y+d*D)+0.95*exp(-18*min(|L1|,|L2|,|L3|))+1.10*exp(-30*min(|C1|,|C2|))+sum(exp(-40*|E_i-1|))",6.926505,6.752222,4.937600,2.428223,-0.431759,-0.040920,0.459645,-0.034646,-0.000312,-0.358257,-0.002091,0.426824,0.358257,0.002091,0.424036,0.080707
nhmuk_2446092521.jpg,saved,museum_butterfly_dorsal/mathequations_shape_fill/reconstructions/nhmuk_2446092521_math.png,0.825209,1,"L1:y=m1*x+q1; L2:y=m2*x+q2; L3:x=kx; C1:(x-h1)^2+(y-k1)^2=r1^2; C2:(x-h2)^2+(y-k2)^2=r2^2; E_i=((x-cx_i)^2/a_i^2)+((y-cy_i)^2/b_i^2); Q=sin(a*x+b*y+2*pi*D)+cos((a+b)*r-c*theta)+0.55*sin((c+phi)*3*x*y+d*D)+0.95*exp(-18*min(|L1|,|L2|,|L3|))+1.10*exp(-30*min(|C1|,|C2|))+sum(exp(-40*|E_i-1|))",6.230141,6.347458,4.792355,2.322458,-0.543177,-0.055492,0.524407,-0.059715,-0.001038,-0.361173,0.001408,0.415682,0.361173,-0.001408,0.417559,0.053795
nhmuk_2446092567.jpg,saved,museum_butterfly_dorsal/mathequations_shape_fill/reconstructions/nhmuk_2446092567_math.png,0.677281,1,"L1:y=m1*x+q1; L2:y=m2*x+q2; L3:x=kx; C1:(x-h1)^2+(y-k1)^2=r1^2; C2:(x-h2)^2+(y-k2)^2=r2^2; E_i=((x-cx_i)^2/a_i^2)+((y-cy_i)^2/b_i^2); Q=sin(a*x+b*y+2*pi*D)+cos((a+b)*r-c*theta)+0.55*sin((c+phi)*3*x*y+d*D)+0.95*exp(-18*min(|L1|,|L2|,|L3|))+1.10*exp(-30*min(|C1|,|C2|))+sum(exp(-40*|E_i-1|))",6.908071,6.748775,4.994175,2.393608,-0.434709,-0.041044,0.460196,-0.035309,-0.000029,-0.358407,-0.001912,0.426529,0.358407,0.001912,0.423980,0.058135
nhmuk_2446092656.jpg,saved,museum_butterfly_dorsal/mathequations_shape_fill/reconstructions/nhmuk_2446092656_math.png,0.796316,1,"L1:y=m1*x+q1; L2:y=m2*x+q2; L3:x=kx; C1:(x-h1)^2+(y-k1)^2=r1^2; C2:(x-h2)^2+(y-k2)^2=r2^2; E_i=((x-cx_i)^2/a_i^2)+((y-cy_i)^2/b_i^2); Q=sin(a*x+b*y+2*pi*D)+cos((a+b)*r-c*theta)+0.55*sin((c+phi)*3*x*y+d*D)+0.95*exp(-18*min(|L1|,|L2|,|L3|))+1.10*exp(-30*min(|C1|,|C2|))+sum(exp(-40*|E_i-1|))",6.649862,6.725930,5.098784,2.217482,-0.476022,-0.041867,0.463851,-0.044605,0.000494,-0.360761,0.000913,0.422398,0.360761,-0.000913,0.423615,0.045844
nhmuk_2446092942.jpg,saved,museum_butterfly_dorsal/mathequations_shape_fill/reconstructions/nhmuk_2446092942_math.png,0.792835,1,"L1:y=m1*x+q1; L2:y=m2*x+q2; L3:x=kx; C1:(x-h1)^2+(y-k1)^2=r1^2; C2:(x-h2)^2+(y-k2)^2=r2^2; E_i=((x-cx_i)^2/a_i^2)+((y-cy_i)^2/b_i^2); Q=sin(a*x+b*y+2*pi*D)+cos((a+b)*r-c*theta)+0.55*sin((c+phi)*3*x*y+d*D)+0.95*exp(-18*min(|L1|,|L2|,|L3|))+1.10*exp(-30*min(|C1|,|C2|))+sum(exp(-40*|E_i-1|))",6.229872,6.321501,4.803697,2.341783,-0.543220,-0.056426,0.528560,-0.059725,-0.000982,-0.360916,0.001100,0.415678,0.360916,-0.001100,0.417144,0.052741
nhmuk_2446092988.jpg,saved,museum_butterfly_dorsal/mathequations_shape_fill/reconstructions/nhmuk_2446092988_math.png,0.767348,1,"L1:y=m1*x+q1; L2:y=m2*x+q2; L3:x=kx; C1:(x-h1)^2+(y-k1)^2=r1^2; C2:(x-h2)^2+(y-k2)^2=r2^2; E_i=((x-cx_i)^2/a_i^2)+((y-cy_i)^2/b_i^2); Q=sin(a*x+b*y+2*pi*D)+cos((a+b)*r-c*theta)+0.55*sin((c+phi)*3*x*y+d*D)+0.95*exp(-18*min(|L1|,|L2|,|L3|))+1.10*exp(-30*min(|C1|,|C2|))+sum(exp(-40*|E_i-1|))",7.315737,7.196805,5.352129,2.247929,-0.369482,-0.024915,0.388511,-0.020633,0.001761,-0.358811,-0.001427,0.433052,0.358811,0.001427,0.431149,0.052035
nhmuk_2446093019.jpg,saved,museum_butterfly_dorsal/mathequations_shape_fill/reconstructions/nhmuk_2446093019_math.png,0.825851,1,"L1:y=m1*x+q1; L2:y=m2*x+q2; L3:x=kx; C1:(x-h1)^2+(y-k1)^2=r1^2; C2:(x-h2)^2+(y-k2)^2=r2^2; E_i=((x-cx_i)^2/a_i^2)+((y-cy_i)^2/b_i^2); Q=sin(a*x+b*y+2*pi*D)+cos((a+b)*r-c*theta)+0.55*sin((c+phi)*3*x*y+d*D)+0.95*exp(-18*min(|L1|,|L2|,|L3|))+1.10*exp(-30*min(|C1|,|C2|))+sum(exp(-40*|E_i-1|))",6.637466,6.735130,5.088710,2.186596,-0.478005,-0.041535,0.462379,-0.045051,0.000444,-0.360977,0.001172,0.422199,0.360977,-0.001172,0.423762,0.048834
nhmuk_2446093055.jpg,saved,museum_butterfly_dorsal/mathequations_shape_fill/reconstructions/nhmuk_2446093055_math.png,0.765327,1,"L1:y=m1*x+q1; L2:y=m2*x+q2; L3:x=kx; C1:(x-h1)^2+(y-k1)^2=r1^2; C2:(x-h2)^2+(y-k2)^2=r2^2; E_i=((x-cx_i)^2/a_i^2)+((y-cy_i)^2/b_i^2); Q=sin(a*x+b*y+2*pi*D)+cos((a+b)*r-c*theta)+0.55*sin((c+phi)*3*x*y+d*D)+0.95*exp(-18*min(|L1|,|L2|,|L3|))+1.10*exp(-30*min(|C1|,|C2|))+sum(exp(-40*|E_i-1|))",7.167529,7.258326,5.503783,2.091195,-0.393195,-0.022700,0.378668,-0.025969,0.002519,-0.360908,0.001090,0.430680,0.360908,-0.001090,0.432133,0.034890
nhmuk_2446093122.jpg,saved,museum_butterfly_dorsal/mathequations_shape_fill/reconstructions/nhmuk_2446093122_math.png,0.773433,1,"L1:y=m1*x+q1; L2:y=m2*x+q2; L3:x=kx; C1:(x-h1)^2+(y-k1)^2=r1^2; C2:(x-h2)^2+(y-k2)^2=r2^2; E_i=((x-cx_i)^2/a_i^2)+((y-cy_i)^2/b_i^2); Q=sin(a*x+b*y+2*pi*D)+cos((a+b)*r-c*theta)+0.55*sin((c+phi)*3*x*y+d*D)+0.95*exp(-18*min(|L1|,|L2|,|L3|))+1.10*exp(-30*min(|C1|,|C2|))+sum(exp(-40*|E_i-1|))",7.333775,7.387585,5.385823,2.197413,-0.366596,-0.018047,0.357986,-0.019984,0.001929,-0.360538,0.000646,0.433340,0.360538,-0.000646,0.434201,0.050591
nhmuk_2446093167.jpg,saved,museum_butterfly_dorsal/mathequations_shape_fill/reconstructions/nhmuk_2446093167_math.png,0.822166,1,"L1:y=m1*x+q1; L2:y=m2*x+q2; L3:x=kx; C1:(x-h1)^2+(y-k1)^2=r1^2; C2:(x-h2)^2+(y-k2)^2=r2^2; E_i=((x-cx_i)^2/a_i^2)+((y-cy_i)^2/b_i^2); Q=sin(a*x+b*y+2*pi*D)+cos((a+b)*r-c*theta)+0.55*sin((c+phi)*3*x*y+d*D)+0.95*exp(-18*min(|L1|,|L2|,|L3|))+1.10*exp(-30*min(|C1|,|C2|))+sum(exp(-40*|E_i-1|))",7.377156,7.293099,5.399476,2.249005,-0.359655,-0.021448,0.373104,-0.018422,0.001997,-0.359159,-0.001009,0.434034,0.359159,0.001009,0.432690,0.066349
nhmuk_2446093174.jpg,saved,museum_butterfly_dorsal/mathequations_shape_fill/reconstructions/nhmuk_2446093174_math.png,0.775151,1,"L1:y=m1*x+q1; L2:y=m2*x+q2; L3:x=kx; C1:(x-h1)^2+(y-k1)^2=r1^2; C2:(x-h2)^2+(y-k2)^2=r2^2; E_i=((x-cx_i)^2/a_i^2)+((y-cy_i)^2/b_i^2); Q=sin(a*x+b*y+2*pi*D)+cos((a+b)*r-c*theta)+0.55*sin((c+phi)*3*x*y+d*D)+0.95*exp(-18*min(|L1|,|L2|,|L3|))+1.10*exp(-30*min(|C1|,|C2|))+sum(exp(-40*|E_i-1|))",6.927479,6.828274,5.088498,2.294491,-0.431603,-0.038182,0.447476,-0.034611,0.000442,-0.359008,-0.001190,0.426840,0.359008,0.001190,0.425252,0.052331
nhmuk_2446093199.jpg,saved,museum_butterfly_dorsal/mathequations_shape_fill/reconstructions/nhmuk_2446093199_math.png,0.800275,1,"L1:y=m1*x+q1; L2:y=m2*x+q2; L3:x=kx; C1:(x-h1)^2+(y-k1)^2=r1^2; C2:(x-h2)^2+(y-k2)^2=r2^2; E_i=((x-cx_i)^2/a_i^2)+((y-cy_i)^2/b_i^2); Q=sin(a*x+b*y+2*pi*D)+cos((a+b)*r-c*theta)+0.55*sin((c+phi)*3*x*y+d*D)+0.95*exp(-18*min(|L1|,|L2|,|L3|))+1.10*exp(-30*min(|C1|,|C2|))+sum(exp(-40*|E_i-1|))",7.007900,6.977049,5.228609,2.230859,-0.418736,-0.032826,0.423672,-0.031716,0.001143,-0.359691,-0.000370,0.428126,0.359691,0.000370,0.427633,0.052201
nhmuk_2446093267.jpg,saved,museum_butterfly_dorsal/mathequations_shape_fill/reconstructions/nhmuk_2446093267_math.png,0.831801,1,"L1:y=m1*x+q1; L2:y=m2*x+q2; L3:x=kx; C1:(x-h1)^2+(y-k1)^2=r1^2; C2:(x-h2)^2+(y-k2)^2=r2^2; E_i=((x-cx_i)^2/a_i^2)+((y-cy_i)^2/b_i^2); Q=sin(a*x+b*y+2*pi*D)+cos((a+b)*r-c*theta)+0.55*sin((c+phi)*3*x*y+d*D)+0.95*exp(-18*min(|L1|,|L2|,|L3|))+1.10*exp(-30*min(|C1|,|C2|))+sum(exp(-40*|E_i-1|))",6.832741,6.894765,5.248058,2.166648,-0.446762,-0.035788,0.436838,-0.038021,0.001240,-0.360620,0.000744,0.425324,0.360620,-0.000744,0.426316,0.041751
nhmuk_2446093276.jpg,saved,museum_butterfly_dorsal/mathequations_shape_fill/reconstructions/nhmuk_2446093276_math.png,0.813822,1,"L1:y=m1*x+q1; L2:y=m2*x+q2; L3:x=kx; C1:(x-h1)^2+(y-k1)^2=r1^2; C2:(x-h2)^2+(y-k2)^2=r2^2; E_i=((x-cx_i)^2/a_i^2)+((y-cy_i)^2/b_i^2); Q=sin(a*x+b*y+2*pi*D)+cos((a+b)*r-c*theta)+0.55*sin((c+phi)*3*x*y+d*D)+0.95*exp(-18*min(|L1|,|L2|,|L3|))+1.10*exp(-30*min(|C1|,|C2|))+sum(exp(-40*|E_i-1|))",7.601362,7.609115,5.451439,2.259735,-0.323782,-0.010072,0.322542,-0.010351,0.002257,-0.360078,0.000093,0.437622,0.360078,-0.000093,0.437746,0.068055
nhmuk_2446093290.jpg,saved,museum_butterfly_dorsal/mathequations_shape_fill/reconstructions/nhmuk_2446093290_math.png,0.770617,1,"L1:y=m1*x+q1; L2:y=m2*x+q2; L3:x=kx; C1:(x-h1)^2+(y-k1)^2=r1^2; C2:(x-h2)^2+(y-k2)^2=r2^2; E_i=((x-cx_i)^2/a_i^2)+((y-cy_i)^2/b_i^2); Q=sin(a*x+b*y+2*pi*D)+cos((a+b)*r-c*theta)+0.55*sin((c+phi)*3*x*y+d*D)+0.95*exp(-18*min(|L1|,|L2|,|L3|))+1.10*exp(-30*min(|C1|,|C2|))+sum(exp(-40*|E_i-1|))",7.302183,7.336911,5.377154,2.180959,-0.371651,-0.019871,0.366094,-0.021121,0.001886,-0.360347,0.000417,0.432835,0.360347,-0.000417,0.433391,0.049913
nhmuk_2446102267.jpg,saved,museum_butterfly_dorsal/mathequations_shape_fill/reconstructions/nhmuk_2446102267_math.png,0.790836,1,"L1:y=m1*x+q1; L2:y=m2*x+q2; L3:x=kx; C1:(x-h1)^2+(y-k1)^2=r1^2; C2:(x-h2)^2+(y-k2)^2=r2^2; E_i=((x-cx_i)^2/a_i^2)+((y-cy_i)^2/b_i^2); Q=sin(a*x+b*y+2*pi*D)+cos((a+b)*r-c*theta)+0.55*sin((c+phi)*3*x*y+d*D)+0.95*exp(-18*min(|L1|,|L2|,|L3|))+1.10*exp(-30*min(|C1|,|C2|))+sum(exp(-40*|E_i-1|))",7.406667,7.463874,5.382812,2.236521,-0.354933,-0.015301,0.345780,-0.017360,0.001914,-0.360572,0.000686,0.434507,0.360572,-0.000686,0.435422,0.056929
nhmuk_2446105593.jpg,saved,museum_butterfly_dorsal/mathequations_shape_fill/reconstructions/nhmuk_2446105593_math.png,0.828079,1,"L1:y=m1*x+q1; L2:y=m2*x+q2; L3:x=kx; C1:(x-h1)^2+(y-k1)^2=r1^2; C2:(x-h2)^2+(y-k2)^2=r2^2; E_i=((x-cx_i)^2/a_i^2)+((y-cy_i)^2/b_i^2); Q=sin(a*x+b*y+2*pi*D)+cos((a+b)*r-c*theta)+0.55*sin((c+phi)*3*x*y+d*D)+0.95*exp(-18*min(|L1|,|L2|,|L3|))+1.10*exp(-30*min(|C1|,|C2|))+sum(exp(-40*|E_i-1|))",7.085298,7.043954,5.301441,2.210290,-0.406352,-0.030418,0.412967,-0.028929,0.001507,-0.359587,-0.000496,0.429365,0.359587,0.000496,0.428703,0.047079
nhmuk_2446105622.jpg,saved,museum_butterfly_dorsal/mathequations_shape_fill/reconstructions/nhmuk_2446105622_math.png,0.811972,1,"L1:y=m1*x+q1; L2:y=m2*x+q2; L3:x=kx; C1:(x-h1)^2+(y-k1)^2=r1^2; C2:(x-h2)^2+(y-k2)^2=r2^2; E_i=((x-cx_i)^2/a_i^2)+((y-cy_i)^2/b_i^2); Q=sin(a*x+b*y+2*pi*D)+cos((a+b)*r-c*theta)+0.55*sin((c+phi)*3*x*y+d*D)+0.95*exp(-18*min(|L1|,|L2|,|L3|))+1.10*exp(-30*min(|C1|,|C2|))+sum(exp(-40*|E_i-1|))",7.106603,7.112033,5.125140,2.313019,-0.402944,-0.027967,0.402075,-0.028162,0.000626,-0.360054,0.000065,0.429706,0.360054,-0.000065,0.429793,0.066800
nhmuk_2446105818.jpg,saved,museum_butterfly_dorsal/mathequations_shape_fill/reconstructions/nhmuk_2446105818_math.png,0.785003,1,"L1:y=m1*x+q1; L2:y=m2*x+q2; L3:x=kx; C1:(x-h1)^2+(y-k1)^2=r1^2; C2:(x-h2)^2+(y-k2)^2=r2^2; E_i=((x-cx_i)^2/a_i^2)+((y-cy_i)^2/b_i^2); Q=sin(a*x+b*y+2*pi*D)+cos((a+b)*r-c*theta)+0.55*sin((c+phi)*3*x*y+d*D)+0.95*exp(-18*min(|L1|,|L2|,|L3|))+1.10*exp(-30*min(|C1|,|C2|))+sum(exp(-40*|E_i-1|))",7.062289,7.097703,5.120021,2.296237,-0.410034,-0.028483,0.404367,-0.029758,0.000600,-0.360354,0.000425,0.428997,0.360354,-0.000425,0.429563,0.064420
nhmuk_2446105836.jpg,saved,museum_butterfly_dorsal/mathequations_shape_fill/reconstructions/nhmuk_2446105836_math.png,0.786232,1,"L1:y=m1*x+q1; L2:y=m2*x+q2; L3:x=kx; C1:(x-h1)^2+(y-k1)^2=r1^2; C2:(x-h2)^2+(y-k2)^2=r2^2; E_i=((x-cx_i)^2/a_i^2)+((y-cy_i)^2/b_i^2); Q=sin(a*x+b*y+2*pi*D)+cos((a+b)*r-c*theta)+0.55*sin((c+phi)*3*x*y+d*D)+0.95*exp(-18*min(|L1|,|L2|,|L3|))+1.10*exp(-30*min(|C1|,|C2|))+sum(exp(-40*|E_i-1|))",7.345951,7.360571,5.360813,2.227452,-0.364648,-0.019019,0.362309,-0.019546,0.001804,-0.360146,0.000175,0.433535,0.360146,-0.000175,0.433769,0.066013
nhmuk_2446105850.jpg,saved,museum_butterfly_dorsal/mathequations_shape_fill/reconstructions/nhmuk_2446105850_math.png,0.739193,1,"L1:y=m1*x+q1; L2:y=m2*x+q2; L3:x=kx; C1:(x-h1)^2+(y-k1)^2=r1^2; C2:(x-h2)^2+(y-k2)^2=r2^2; E_i=((x-cx_i)^2/a_i^2)+((y-cy_i)^2/b_i^2); Q=sin(a*x+b*y+2*pi*D)+cos((a+b)*r-c*theta)+0.55*sin((c+phi)*3*x*y+d*D)+0.95*exp(-18*min(|L1|,|L2|,|L3|))+1.10*exp(-30*min(|C1|,|C2|))+sum(exp(-40*|E_i-1|))",7.089067,7.026157,5.275959,2.209912,-0.405749,-0.031058,0.415815,-0.028794,0.001380,-0.359371,-0.000755,0.429425,0.359371,0.000755,0.428419,0.040945
nhmuk_2446105895.jpg,saved,museum_butterfly_dorsal/mathequations_shape_fill/reconstructions/nhmuk_2446105895_math.png,0.756684,1,"L1:y=m1*x+q1; L2:y=m2*x+q2; L3:x=kx; C1:(x-h1)^2+(y-k1)^2=r1^2; C2:(x-h2)^2+(y-k2)^2=r2^2; E_i=((x-cx_i)^2/a_i^2)+((y-cy_i)^2/b_i^2); Q=sin(a*x+b*y+2*pi*D)+cos((a+b)*r-c*theta)+0.55*sin((c+phi)*3*x*y+d*D)+0.95*exp(-18*min(|L1|,|L2|,|L3|))+1.10*exp(-30*min(|C1|,|C2|))+sum(exp(-40*|E_i-1|))",7.186264,7.179552,5.297448,2.184884,-0.390198,-0.025536,0.391272,-0.025294,0.001487,-0.359933,-0.000081,0.430980,0.359933,0.000081,0.430873,0.054276
nhmuk_2446105904.jpg,saved,museum_butterfly_dorsal/mathequations_shape_fill/reconstructions/nhmuk_2446105904_math.png,0.826599,1,"L1:y=m1*x+q1; L2:y=m2*x+q2; L3:x=kx; C1:(x-h1)^2+(y-k1)^2=r1^2; C2:(x-h2)^2+(y-k2)^2=r2^2; E_i=((x-cx_i)^2/a_i^2)+((y-cy_i)^2/b_i^2); Q=sin(a*x+b*y+2*pi*D)+cos((a+b)*r-c*theta)+0.55*sin((c+phi)*3*x*y+d*D)+0.95*exp(-18*min(|L1|,|L2|,|L3|))+1.10*exp(-30*min(|C1|,|C2|))+sum(exp(-40*|E_i-1|))",6.966600,6.911842,5.161553,2.261866,-0.425344,-0.035174,0.434105,-0.033202,0.000808,-0.359452,-0.000657,0.427466,0.359452,0.000657,0.426589,0.048069
nhmuk_2446105928.jpg,saved,museum_butterfly_dorsal/mathequations_shape_fill/reconstructions/nhmuk_2446105928_math.png,0.771950,1,"L1:y=m1*x+q1; L2:y=m2*x+q2; L3:x=kx; C1:(x-h1)^2+(y-k1)^2=r1^2; C2:(x-h2)^2+(y-k2)^2=r2^2; E_i=((x-cx_i)^2/a_i^2)+((y-cy_i)^2/b_i^2); Q=sin(a*x+b*y+2*pi*D)+cos((a+b)*r-c*theta)+0.55*sin((c+phi)*3*x*y+d*D)+0.95*exp(-18*min(|L1|,|L2|,|L3|))+1.10*exp(-30*min(|C1|,|C2|))+sum(exp(-40*|E_i-1|))",6.855381,6.788193,5.075074,2.298064,-0.443139,-0.039625,0.453889,-0.037206,0.000375,-0.359328,-0.000806,0.425686,0.359328,0.000806,0.424611,0.056354
nhmuk_2446106013.jpg,saved,museum_butterfly_dorsal/mathequations_shape_fill/reconstructions/nhmuk_2446106013_math.png,0.832038,1,"L1:y=m1*x+q1; L2:y=m2*x+q2; L3:x=kx; C1:(x-h1)^2+(y-k1)^2=r1^2; C2:(x-h2)^2+(y-k2)^2=r2^2; E_i=((x-cx_i)^2/a_i^2)+((y-cy_i)^2/b_i^2); Q=sin(a*x+b*y+2*pi*D)+cos((a+b)*r-c*theta)+0.55*sin((c+phi)*3*x*y+d*D)+0.95*exp(-18*min(|L1|,|L2|,|L3|))+1.10*exp(-30*min(|C1|,|C2|))+sum(exp(-40*|E_i-1|))",7.128206,7.177984,5.035230,2.414542,-0.399487,-0.025593,0.391523,-0.027385,0.000176,-0.360498,0.000597,0.430051,0.360498,-0.000597,0.430848,0.076327
nhmuk_2446106139.jpg,saved,museum_butterfly_dorsal/mathequations_shape_fill/reconstructions/nhmuk_2446106139_math.png,0.788798,1,"L1:y=m1*x+q1; L2:y=m2*x+q2; L3:x=kx; C1:(x-h1)^2+(y-k1)^2=r1^2; C2:(x-h2)^2+(y-k2)^2=r2^2; E_i=((x-cx_i)^2/a_i^2)+((y-cy_i)^2/b_i^2); Q=sin(a*x+b*y+2*pi*D)+cos((a+b)*r-c*theta)+0.55*sin((c+phi)*3*x*y+d*D)+0.95*exp(-18*min(|L1|,|L2|,|L3|))+1.10*exp(-30*min(|C1|,|C2|))+sum(exp(-40*|E_i-1|))",6.757580,6.762905,5.051688,2.138389,-0.458787,-0.040535,0.457935,-0.040727,0.000258,-0.360053,0.000064,0.424121,0.360053,-0.000064,0.424206,0.051992
nhmuk_2446106240.jpg,saved,museum_butterfly_dorsal/mathequations_shape_fill/reconstructions/nhmuk_2446106240_math.png,0.818025,1,"L1:y=m1*x+q1; L2:y=m2*x+q2; L3:x=kx; C1:(x-h1)^2+(y-k1)^2=r1^2; C2:(x-h2)^2+(y-k2)^2=r2^2; E_i=((x-cx_i)^2/a_i^2)+((y-cy_i)^2/b_i^2); Q=sin(a*x+b*y+2*pi*D)+cos((a+b)*r-c*theta)+0.55*sin((c+phi)*3*x*y+d*D)+0.95*exp(-18*min(|L1|,|L2|,|L3|))+1.10*exp(-30*min(|C1|,|C2|))+sum(exp(-40*|E_i-1|))",7.140997,7.236400,5.141988,2.349345,-0.397440,-0.023490,0.382176,-0.026924,0.000710,-0.360954,0.001145,0.430256,0.360954,-0.001145,0.431782,0.066554
nhmuk_2446115657.jpg,saved,museum_butterfly_dorsal/mathequations_shape_fill/reconstructions/nhmuk_2446115657_math.png,0.742797,1,"L1:y=m1*x+q1; L2:y=m2*x+q2; L3:x=kx; C1:(x-h1)^2+(y-k1)^2=r1^2; C2:(x-h2)^2+(y-k2)^2=r2^2; E_i=((x-cx_i)^2/a_i^2)+((y-cy_i)^2/b_i^2); Q=sin(a*x+b*y+2*pi*D)+cos((a+b)*r-c*theta)+0.55*sin((c+phi)*3*x*y+d*D)+0.95*exp(-18*min(|L1|,|L2|,|L3|))+1.10*exp(-30*min(|C1|,|C2|))+sum(exp(-40*|E_i-1|))",7.004252,7.085248,5.223546,2.191951,-0.419320,-0.028931,0.406360,-0.031847,0.001118,-0.360810,0.000972,0.428068,0.360810,-0.000972,0.429364,0.044331
nhmuk_2446115709.jpg,saved,museum_butterfly_dorsal/mathequations_shape_fill/reconstructions/nhmuk_2446115709_math.png,0.782765,1,"L1:y=m1*x+q1; L2:y=m2*x+q2; L3:x=kx; C1:(x-h1)^2+(y-k1)^2=r1^2; C2:(x-h2)^2+(y-k2)^2=r2^2; E_i=((x-cx_i)^2/a_i^2)+((y-cy_i)^2/b_i^2); Q=sin(a*x+b*y+2*pi*D)+cos((a+b)*r-c*theta)+0.55*sin((c+phi)*3*x*y+d*D)+0.95*exp(-18*min(|L1|,|L2|,|L3|))+1.10*exp(-30*min(|C1|,|C2|))+sum(exp(-40*|E_i-1|))",6.945595,7.037516,5.144432,2.227909,-0.428705,-0.030649,0.413997,-0.033959,0.000722,-0.360919,0.001103,0.427130,0.360919,-0.001103,0.428600,0.051752
nhmuk_2446115824.jpg,saved,museum_butterfly_dorsal/mathequations_shape_fill/reconstructions/nhmuk_2446115824_math.png,0.789724,1,"L1:y=m1*x+q1; L2:y=m2*x+q2; L3:x=kx; C1:(x-h1)^2+(y-k1)^2=r1^2; C2:(x-h2)^2+(y-k2)^2=r2^2; E_i=((x-cx_i)^2/a_i^2)+((y-cy_i)^2/b_i^2); Q=sin(a*x+b*y+2*pi*D)+cos((a+b)*r-c*theta)+0.55*sin((c+phi)*3*x*y+d*D)+0.95*exp(-18*min(|L1|,|L2|,|L3|))+1.10*exp(-30*min(|C1|,|C2|))+sum(exp(-40*|E_i-1|))",6.579361,6.774058,4.828354,2.405691,-0.487302,-0.040134,0.456151,-0.047143,-0.000858,-0.361947,0.002336,0.421270,0.361947,-0.002336,0.424385,0.066622
nhmuk_2446115858.jpg,saved,museum_butterfly_dorsal/mathequations_shape_fill/reconstructions/nhmuk_2446115858_math.png,0.741893,1,"L1:y=m1*x+q1; L2:y=m2*x+q2; L3:x=kx; C1:(x-h1)^2+(y-k1)^2=r1^2; C2:(x-h2)^2+(y-k2)^2=r2^2; E_i=((x-cx_i)^2/a_i^2)+((y-cy_i)^2/b_i^2); Q=sin(a*x+b*y+2*pi*D)+cos((a+b)*r-c*theta)+0.55*sin((c+phi)*3*x*y+d*D)+0.95*exp(-18*min(|L1|,|L2|,|L3|))+1.10*exp(-30*min(|C1|,|C2|))+sum(exp(-40*|E_i-1|))",6.768682,6.602504,4.824105,2.414626,-0.457011,-0.046310,0.483599,-0.040327,-0.000879,-0.358338,-0.001994,0.424299,0.358338,0.001994,0.421640,0.073171
nhmuk_2446115860.jpg,saved,museum_butterfly_dorsal/mathequations_shape_fill/reconstructions/nhmuk_2446115860_math.png,0.757270,1,"L1:y=m1*x+q1; L2:y=m2*x+q2; L3:x=kx; C1:(x-h1)^2+(y-k1)^2=r1^2; C2:(x-h2)^2+(y-k2)^2=r2^2; E_i=((x-cx_i)^2/a_i^2)+((y-cy_i)^2/b_i^2); Q=sin(a*x+b*y+2*pi*D)+cos((a+b)*r-c*theta)+0.55*sin((c+phi)*3*x*y+d*D)+0.95*exp(-18*min(|L1|,|L2|,|L3|))+1.10*exp(-30*min(|C1|,|C2|))+sum(exp(-40*|E_i-1|))",7.014032,6.882167,5.094654,2.308723,-0.417755,-0.036242,0.438853,-0.031495,0.000473,-0.358681,-0.001582,0.428225,0.358681,0.001582,0.426115,0.066743
nhmuk_2446115881.jpg,saved,museum_butterfly_dorsal/mathequations_shape_fill/reconstructions/nhmuk_2446115881_math.png,0.784346,1,"L1:y=m1*x+q1; L2:y=m2*x+q2; L3:x=kx; C1:(x-h1)^2+(y-k1)^2=r1^2; C2:(x-h2)^2+(y-k2)^2=r2^2; E_i=((x-cx_i)^2/a_i^2)+((y-cy_i)^2/b_i^2); Q=sin(a*x+b*y+2*pi*D)+cos((a+b)*r-c*theta)+0.55*sin((c+phi)*3*x*y+d*D)+0.95*exp(-18*min(|L1|,|L2|,|L3|))+1.10*exp(-30*min(|C1|,|C2|))+sum(exp(-40*|E_i-1|))",6.528711,6.756980,4.858567,2.361052,-0.495406,-0.040749,0.458883,-0.048966,-0.000707,-0.362283,0.002739,0.420459,0.362283,-0.002739,0.424112,0.074230
nhmuk_2446115886.jpg,saved,museum_butterfly_dorsal/mathequations_shape_fill/reconstructions/nhmuk_2446115886_math.png,0.794552,1,"L1:y=m1*x+q1; L2:y=m2*x+q2; L3:x=kx; C1:(x-h1)^2+(y-k1)^2=r1^2; C2:(x-h2)^2+(y-k2)^2=r2^2; E_i=((x-cx_i)^2/a_i^2)+((y-cy_i)^2/b_i^2); Q=sin(a*x+b*y+2*pi*D)+cos((a+b)*r-c*theta)+0.55*sin((c+phi)*3*x*y+d*D)+0.95*exp(-18*min(|L1|,|L2|,|L3|))+1.10*exp(-30*min(|C1|,|C2|))+sum(exp(-40*|E_i-1|))",6.337570,6.581466,4.756262,2.381870,-0.525989,-0.047067,0.486965,-0.055847,-0.001219,-0.362439,0.002927,0.417401,0.362439,-0.002927,0.421303,0.061234
nhmuk_2446115888.jpg,saved,museum_butterfly_dorsal/mathequations_shape_fill/reconstructions/nhmuk_2446115888_math.png,0.794290,1,"L1:y=m1*x+q1; L2:y=m2*x+q2; L3:x=kx; C1:(x-h1)^2+(y-k1)^2=r1^2; C2:(x-h2)^2+(y-k2)^2=r2^2; E_i=((x-cx_i)^2/a_i^2)+((y-cy_i)^2/b_i^2); Q=sin(a*x+b*y+2*pi*D)+cos((a+b)*r-c*theta)+0.55*sin((c+phi)*3*x*y+d*D)+0.95*exp(-18*min(|L1|,|L2|,|L3|))+1.10*exp(-30*min(|C1|,|C2|))+sum(exp(-40*|E_i-1|))",6.838664,6.705315,4.989757,2.331656,-0.445814,-0.042609,0.467150,-0.037808,-0.000051,-0.358667,-0.001600,0.425419,0.358667,0.001600,0.423285,0.064516
nhmuk_2446115892.jpg,saved,museum_butterfly_dorsal/mathequations_shape_fill/reconstructions/nhmuk_2446115892_math.png,0.803875,1,"L1:y=m1*x+q1; L2:y=m2*x+q2; L3:x=kx; C1:(x-h1)^2+(y-k1)^2=r1^2; C2:(x-h2)^2+(y-k2)^2=r2^2; E_i=((x-cx_i)^2/a_i^2)+((y-cy_i)^2/b_i^2); Q=sin(a*x+b*y+2*pi*D)+cos((a+b)*r-c*theta)+0.55*sin((c+phi)*3*x*y+d*D)+0.95*exp(-18*min(|L1|,|L2|,|L3|))+1.10*exp(-30*min(|C1|,|C2|))+sum(exp(-40*|E_i-1|))",6.746752,6.689574,4.954212,2.354181,-0.460520,-0.043175,0.469668,-0.041117,-0.000229,-0.359428,-0.000686,0.423948,0.359428,0.000686,0.423033,0.059052
nhmuk_2446115897.jpg,saved,museum_butterfly_dorsal/mathequations_shape_fill/reconstructions/nhmuk_2446115897_math.png,0.793153,1,"L1:y=m1*x+q1; L2:y=m2*x+q2; L3:x=kx; C1:(x-h1)^2+(y-k1)^2=r1^2; C2:(x-h2)^2+(y-k2)^2=r2^2; E_i=((x-cx_i)^2/a_i^2)+((y-cy_i)^2/b_i^2); Q=sin(a*x+b*y+2*pi*D)+cos((a+b)*r-c*theta)+0.55*sin((c+phi)*3*x*y+d*D)+0.95*exp(-18*min(|L1|,|L2|,|L3|))+1.10*exp(-30*min(|C1|,|C2|))+sum(exp(-40*|E_i-1|))",6.704782,6.809682,4.972492,2.303203,-0.467235,-0.038851,0.450451,-0.042628,-0.000138,-0.361049,0.001259,0.423277,0.361049,-0.001259,0.424955,0.061448
nhmuk_2446115910.jpg,saved,museum_butterfly_dorsal/mathequations_shape_fill/reconstructions/nhmuk_2446115910_math.png,0.777293,1,"L1:y=m1*x+q1; L2:y=m2*x+q2; L3:x=kx; C1:(x-h1)^2+(y-k1)^2=r1^2; C2:(x-h2)^2+(y-k2)^2=r2^2; E_i=((x-cx_i)^2/a_i^2)+((y-cy_i)^2/b_i^2); Q=sin(a*x+b*y+2*pi*D)+cos((a+b)*r-c*theta)+0.55*sin((c+phi)*3*x*y+d*D)+0.95*exp(-18*min(|L1|,|L2|,|L3|))+1.10*exp(-30*min(|C1|,|C2|))+sum(exp(-40*|E_i-1|))",6.892762,6.752167,4.980997,2.344185,-0.437158,-0.040922,0.459653,-0.035861,-0.000095,-0.358594,-0.001687,0.426284,0.358594,0.001687,0.424035,0.067217
nhmuk_2446115924.jpg,saved,museum_butterfly_dorsal/mathequations_shape_fill/reconstructions/nhmuk_2446115924_math.png,0.797082,1,"L1:y=m1*x+q1; L2:y=m2*x+q2; L3:x=kx; C1:(x-h1)^2+(y-k1)^2=r1^2; C2:(x-h2)^2+(y-k2)^2=r2^2; E_i=((x-cx_i)^2/a_i^2)+((y-cy_i)^2/b_i^2); Q=sin(a*x+b*y+2*pi*D)+cos((a+b)*r-c*theta)+0.55*sin((c+phi)*3*x*y+d*D)+0.95*exp(-18*min(|L1|,|L2|,|L3|))+1.10*exp(-30*min(|C1|,|C2|))+sum(exp(-40*|E_i-1|))",6.757788,6.823185,5.193320,2.192728,-0.458754,-0.038365,0.448290,-0.040720,0.000967,-0.360654,0.000785,0.424125,0.360654,-0.000785,0.425171,0.043591
nhmuk_2446115935.jpg,saved,museum_butterfly_dorsal/mathequations_shape_fill/reconstructions/nhmuk_2446115935_math.png,0.772902,1,"L1:y=m1*x+q1; L2:y=m2*x+q2; L3:x=kx; C1:(x-h1)^2+(y-k1)^2=r1^2; C2:(x-h2)^2+(y-k2)^2=r2^2; E_i=((x-cx_i)^2/a_i^2)+((y-cy_i)^2/b_i^2); Q=sin(a*x+b*y+2*pi*D)+cos((a+b)*r-c*theta)+0.55*sin((c+phi)*3*x*y+d*D)+0.95*exp(-18*min(|L1|,|L2|,|L3|))+1.10*exp(-30*min(|C1|,|C2|))+sum(exp(-40*|E_i-1|))",6.510614,6.693748,4.832243,2.346337,-0.498302,-0.043025,0.469000,-0.049618,-0.000839,-0.361831,0.002198,0.420170,0.361831,-0.002198,0.423100,0.065777
nhmuk_2446115945.jpg,saved,museum_butterfly_dorsal/mathequations_shape_fill/reconstructions/nhmuk_2446115945_math.png,0.777260,1,"L1:y=m1*x+q1; L2:y=m2*x+q2; L3:x=kx; C1:(x-h1)^2+(y-k1)^2=r1^2; C2:(x-h2)^2+(y-k2)^2=r2^2; E_i=((x-cx_i)^2/a_i^2)+((y-cy_i)^2/b_i^2); Q=sin(a*x+b*y+2*pi*D)+cos((a+b)*r-c*theta)+0.55*sin((c+phi)*3*x*y+d*D)+0.95*exp(-18*min(|L1|,|L2|,|L3|))+1.10*exp(-30*min(|C1|,|C2|))+sum(exp(-40*|E_i-1|))",7.086299,6.870200,5.045637,2.429910,-0.406192,-0.036673,0.440768,-0.028893,0.000228,-0.357839,-0.002593,0.429381,0.357839,0.002593,0.425923,0.076596
nhmuk_2446115948.jpg,saved,museum_butterfly_dorsal/mathequations_shape_fill/reconstructions/nhmuk_2446115948_math.png,0.780271,1,"L1:y=m1*x+q1; L2:y=m2*x+q2; L3:x=kx; C1:(x-h1)^2+(y-k1)^2=r1^2; C2:(x-h2)^2+(y-k2)^2=r2^2; E_i=((x-cx_i)^2/a_i^2)+((y-cy_i)^2/b_i^2); Q=sin(a*x+b*y+2*pi*D)+cos((a+b)*r-c*theta)+0.55*sin((c+phi)*3*x*y+d*D)+0.95*exp(-18*min(|L1|,|L2|,|L3|))+1.10*exp(-30*min(|C1|,|C2|))+sum(exp(-40*|E_i-1|))",6.569800,6.665033,5.058636,2.268769,-0.488832,-0.044059,0.473595,-0.047487,0.000293,-0.360952,0.001143,0.421117,0.360952,-0.001143,0.422641,0.046367
nhmuk_2446115952.jpg,saved,museum_butterfly_dorsal/mathequations_shape_fill/reconstructions/nhmuk_2446115952_math.png,0.805251,1,"L1:y=m1*x+q1; L2:y=m2*x+q2; L3:x=kx; C1:(x-h1)^2+(y-k1)^2=r1^2; C2:(x-h2)^2+(y-k2)^2=r2^2; E_i=((x-cx_i)^2/a_i^2)+((y-cy_i)^2/b_i^2); Q=sin(a*x+b*y+2*pi*D)+cos((a+b)*r-c*theta)+0.55*sin((c+phi)*3*x*y+d*D)+0.95*exp(-18*min(|L1|,|L2|,|L3|))+1.10*exp(-30*min(|C1|,|C2|))+sum(exp(-40*|E_i-1|))",6.625368,6.661154,5.078880,2.210081,-0.479941,-0.044198,0.474215,-0.045487,0.000394,-0.360358,0.000429,0.422006,0.360358,-0.000429,0.422578,0.042363
nhmuk_2446115957.jpg,saved,museum_butterfly_dorsal/mathequations_shape_fill/reconstructions/nhmuk_2446115957_math.png,0.825855,1,"L1:y=m1*x+q1; L2:y=m2*x+q2; L3:x=kx; C1:(x-h1)^2+(y-k1)^2=r1^2; C2:(x-h2)^2+(y-k2)^2=r2^2; E_i=((x-cx_i)^2/a_i^2)+((y-cy_i)^2/b_i^2); Q=sin(a*x+b*y+2*pi*D)+cos((a+b)*r-c*theta)+0.55*sin((c+phi)*3*x*y+d*D)+0.95*exp(-18*min(|L1|,|L2|,|L3|))+1.10*exp(-30*min(|C1|,|C2|))+sum(exp(-40*|E_i-1|))",6.465639,6.551067,4.990823,2.279819,-0.505498,-0.048162,0.491829,-0.051237,-0.000046,-0.360854,0.001025,0.419450,0.360854,-0.001025,0.420817,0.050497
nhmuk_2446115966.jpg,saved,museum_butterfly_dorsal/mathequations_shape_fill/reconstructions/nhmuk_2446115966_math.png,0.804882,1,"L1:y=m1*x+q1; L2:y=m2*x+q2; L3:x=kx; C1:(x-h1)^2+(y-k1)^2=r1^2; C2:(x-h2)^2+(y-k2)^2=r2^2; E_i=((x-cx_i)^2/a_i^2)+((y-cy_i)^2/b_i^2); Q=sin(a*x+b*y+2*pi*D)+cos((a+b)*r-c*theta)+0.55*sin((c+phi)*3*x*y+d*D)+0.95*exp(-18*min(|L1|,|L2|,|L3|))+1.10*exp(-30*min(|C1|,|C2|))+sum(exp(-40*|E_i-1|))",7.245398,7.043218,5.121080,2.370867,-0.380736,-0.030444,0.413085,-0.023166,0.000605,-0.357978,-0.002426,0.431926,0.357978,0.002426,0.428691,0.070818
nhmuk_2446115972.jpg,saved,museum_butterfly_dorsal/mathequations_shape_fill/reconstructions/nhmuk_2446115972_math.png,0.793739,1,"L1:y=m1*x+q1; L2:y=m2*x+q2; L3:x=kx; C1:(x-h1)^2+(y-k1)^2=r1^2; C2:(x-h2)^2+(y-k2)^2=r2^2; E_i=((x-cx_i)^2/a_i^2)+((y-cy_i)^2/b_i^2); Q=sin(a*x+b*y+2*pi*D)+cos((a+b)*r-c*theta)+0.55*sin((c+phi)*3*x*y+d*D)+0.95*exp(-18*min(|L1|,|L2|,|L3|))+1.10*exp(-30*min(|C1|,|C2|))+sum(exp(-40*|E_i-1|))",6.385720,6.453645,4.921149,2.305649,-0.518285,-0.051669,0.507417,-0.054114,-0.000394,-0.360679,0.000815,0.418172,0.360679,-0.000815,0.419258,0.051706
nhmuk_2446115978.jpg,saved,museum_butterfly_dorsal/mathequations_shape_fill/reconstructions/nhmuk_2446115978_math.png,0.759130,1,"L1:y=m1*x+q1; L2:y=m2*x+q2; L3:x=kx; C1:(x-h1)^2+(y-k1)^2=r1^2; C2:(x-h2)^2+(y-k2)^2=r2^2; E_i=((x-cx_i)^2/a_i^2)+((y-cy_i)^2/b_i^2); Q=sin(a*x+b*y+2*pi*D)+cos((a+b)*r-c*theta)+0.55*sin((c+phi)*3*x*y+d*D)+0.95*exp(-18*min(|L1|,|L2|,|L3|))+1.10*exp(-30*min(|C1|,|C2|))+sum(exp(-40*|E_i-1|))",7.164842,6.948563,5.081089,2.409407,-0.393625,-0.033852,0.428230,-0.026066,0.000405,-0.357837,-0.002595,0.430637,0.357837,0.002595,0.427177,0.071760
nhmuk_2446115980.jpg,saved,museum_butterfly_dorsal/mathequations_shape_fill/reconstructions/nhmuk_2446115980_math.png,0.744110,1,"L1:y=m1*x+q1; L2:y=m2*x+q2; L3:x=kx; C1:(x-h1)^2+(y-k1)^2=r1^2; C2:(x-h2)^2+(y-k2)^2=r2^2; E_i=((x-cx_i)^2/a_i^2)+((y-cy_i)^2/b_i^2); Q=sin(a*x+b*y+2*pi*D)+cos((a+b)*r-c*theta)+0.55*sin((c+phi)*3*x*y+d*D)+0.95*exp(-18*min(|L1|,|L2|,|L3|))+1.10*exp(-30*min(|C1|,|C2|))+sum(exp(-40*|E_i-1|))",6.505865,6.637329,5.056331,2.276476,-0.499062,-0.045056,0.478027,-0.049789,0.000282,-0.361315,0.001578,0.420094,0.361315,-0.001578,0.422197,0.046327
nhmuk_2446115982.jpg,saved,museum_butterfly_dorsal/mathequations_shape_fill/reconstructions/nhmuk_2446115982_math.png,0.782020,1,"L1:y=m1*x+q1; L2:y=m2*x+q2; L3:x=kx; C1:(x-h1)^2+(y-k1)^2=r1^2; C2:(x-h2)^2+(y-k2)^2=r2^2; E_i=((x-cx_i)^2/a_i^2)+((y-cy_i)^2/b_i^2); Q=sin(a*x+b*y+2*pi*D)+cos((a+b)*r-c*theta)+0.55*sin((c+phi)*3*x*y+d*D)+0.95*exp(-18*min(|L1|,|L2|,|L3|))+1.10*exp(-30*min(|C1|,|C2|))+sum(exp(-40*|E_i-1|))",6.671150,6.792227,5.167836,2.215492,-0.472616,-0.039480,0.453244,-0.043839,0.000839,-0.361211,0.001453,0.422738,0.361211,-0.001453,0.424676,0.051801
nhmuk_2446115983.jpg,saved,museum_butterfly_dorsal/mathequations_shape_fill/reconstructions/nhmuk_2446115983_math.png,0.807979,1,"L1:y=m1*x+q1; L2:y=m2*x+q2; L3:x=kx; C1:(x-h1)^2+(y-k1)^2=r1^2; C2:(x-h2)^2+(y-k2)^2=r2^2; E_i=((x-cx_i)^2/a_i^2)+((y-cy_i)^2/b_i^2); Q=sin(a*x+b*y+2*pi*D)+cos((a+b)*r-c*theta)+0.55*sin((c+phi)*3*x*y+d*D)+0.95*exp(-18*min(|L1|,|L2|,|L3|))+1.10*exp(-30*min(|C1|,|C2|))+sum(exp(-40*|E_i-1|))",7.041432,6.842329,5.019147,2.447004,-0.413371,-0.037676,0.445227,-0.030508,0.000096,-0.358009,-0.002389,0.428663,0.358009,0.002389,0.425477,0.069464
nhmuk_2446312213.jpg,saved,museum_butterfly_dorsal/mathequations_shape_fill/reconstructions/nhmuk_2446312213_math.png,0.771286,1,"L1:y=m1*x+q1; L2:y=m2*x+q2; L3:x=kx; C1:(x-h1)^2+(y-k1)^2=r1^2; C2:(x-h2)^2+(y-k2)^2=r2^2; E_i=((x-cx_i)^2/a_i^2)+((y-cy_i)^2/b_i^2); Q=sin(a*x+b*y+2*pi*D)+cos((a+b)*r-c*theta)+0.55*sin((c+phi)*3*x*y+d*D)+0.95*exp(-18*min(|L1|,|L2|,|L3|))+1.10*exp(-30*min(|C1|,|C2|))+sum(exp(-40*|E_i-1|))",7.463429,7.420420,5.605046,2.114561,-0.345851,-0.016865,0.352733,-0.015317,0.003025,-0.359570,-0.000516,0.435415,0.359570,0.000516,0.434727,0.048262
nhmuk_2446312225.jpg,saved,museum_butterfly_dorsal/mathequations_shape_fill/reconstructions/nhmuk_2446312225_math.png,0.805283,1,"L1:y=m1*x+q1; L2:y=m2*x+q2; L3:x=kx; C1:(x-h1)^2+(y-k1)^2=r1^2; C2:(x-h2)^2+(y-k2)^2=r2^2; E_i=((x-cx_i)^2/a_i^2)+((y-cy_i)^2/b_i^2); Q=sin(a*x+b*y+2*pi*D)+cos((a+b)*r-c*theta)+0.55*sin((c+phi)*3*x*y+d*D)+0.95*exp(-18*min(|L1|,|L2|,|L3|))+1.10*exp(-30*min(|C1|,|C2|))+sum(exp(-40*|E_i-1|))",6.840849,6.920836,5.171340,2.195765,-0.445464,-0.034850,0.432666,-0.037729,0.000857,-0.360800,0.000960,0.425454,0.360800,-0.000960,0.426733,0.041918
nhmuk_2446312254.jpg,saved,museum_butterfly_dorsal/mathequations_shape_fill/reconstructions/nhmuk_2446312254_math.png,0.817453,1,"L1:y=m1*x+q1; L2:y=m2*x+q2; L3:x=kx; C1:(x-h1)^2+(y-k1)^2=r1^2; C2:(x-h2)^2+(y-k2)^2=r2^2; E_i=((x-cx_i)^2/a_i^2)+((y-cy_i)^2/b_i^2); Q=sin(a*x+b*y+2*pi*D)+cos((a+b)*r-c*theta)+0.55*sin((c+phi)*3*x*y+d*D)+0.95*exp(-18*min(|L1|,|L2|,|L3|))+1.10*exp(-30*min(|C1|,|C2|))+sum(exp(-40*|E_i-1|))",6.866797,6.935804,5.174352,2.177141,-0.441313,-0.034311,0.430271,-0.036795,0.000872,-0.360690,0.000828,0.425869,0.360690,-0.000828,0.426973,0.043861
nhmuk_2446312268.jpg,saved,museum_butterfly_dorsal/mathequations_shape_fill/reconstructions/nhmuk_2446312268_math.png,0.808476,1,"L1:y=m1*x+q1; L2:y=m2*x+q2; L3:x=kx; C1:(x-h1)^2+(y-k1)^2=r1^2; C2:(x-h2)^2+(y-k2)^2=r2^2; E_i=((x-cx_i)^2/a_i^2)+((y-cy_i)^2/b_i^2); Q=sin(a*x+b*y+2*pi*D)+cos((a+b)*r-c*theta)+0.55*sin((c+phi)*3*x*y+d*D)+0.95*exp(-18*min(|L1|,|L2|,|L3|))+1.10*exp(-30*min(|C1|,|C2|))+sum(exp(-40*|E_i-1|))",7.021174,7.080844,5.317831,2.128555,-0.416612,-0.029090,0.407065,-0.031238,0.001589,-0.360597,0.000716,0.428339,0.360597,-0.000716,0.429294,0.044140
nhmuk_2446312275.jpg,saved,museum_butterfly_dorsal/mathequations_shape_fill/reconstructions/nhmuk_2446312275_math.png,0.844866,1,"L1:y=m1*x+q1; L2:y=m2*x+q2; L3:x=kx; C1:(x-h1)^2+(y-k1)^2=r1^2; C2:(x-h2)^2+(y-k2)^2=r2^2; E_i=((x-cx_i)^2/a_i^2)+((y-cy_i)^2/b_i^2); Q=sin(a*x+b*y+2*pi*D)+cos((a+b)*r-c*theta)+0.55*sin((c+phi)*3*x*y+d*D)+0.95*exp(-18*min(|L1|,|L2|,|L3|))+1.10*exp(-30*min(|C1|,|C2|))+sum(exp(-40*|E_i-1|))",6.745208,6.738965,5.097913,2.217051,-0.460767,-0.041397,0.461766,-0.041173,0.000490,-0.359938,-0.000075,0.423923,0.359938,0.000075,0.423823,0.049501
nhmuk_2446312286.jpg,saved,museum_butterfly_dorsal/mathequations_shape_fill/reconstructions/nhmuk_2446312286_math.png,0.799375,1,"L1:y=m1*x+q1; L2:y=m2*x+q2; L3:x=kx; C1:(x-h1)^2+(y-k1)^2=r1^2; C2:(x-h2)^2+(y-k2)^2=r2^2; E_i=((x-cx_i)^2/a_i^2)+((y-cy_i)^2/b_i^2); Q=sin(a*x+b*y+2*pi*D)+cos((a+b)*r-c*theta)+0.55*sin((c+phi)*3*x*y+d*D)+0.95*exp(-18*min(|L1|,|L2|,|L3|))+1.10*exp(-30*min(|C1|,|C2|))+sum(exp(-40*|E_i-1|))",7.094701,7.075211,5.296540,2.126114,-0.404848,-0.029292,0.407966,-0.028591,0.001483,-0.359805,-0.000234,0.429515,0.359805,0.000234,0.429203,0.065964
nhmuk_2446312289.jpg,saved,museum_butterfly_dorsal/mathequations_shape_fill/reconstructions/nhmuk_2446312289_math.png,0.857283,1,"L1:y=m1*x+q1; L2:y=m2*x+q2; L3:x=kx; C1:(x-h1)^2+(y-k1)^2=r1^2; C2:(x-h2)^2+(y-k2)^2=r2^2; E_i=((x-cx_i)^2/a_i^2)+((y-cy_i)^2/b_i^2); Q=sin(a*x+b*y+2*pi*D)+cos((a+b)*r-c*theta)+0.55*sin((c+phi)*3*x*y+d*D)+0.95*exp(-18*min(|L1|,|L2|,|L3|))+1.10*exp(-30*min(|C1|,|C2|))+sum(exp(-40*|E_i-1|))",6.730728,6.749969,5.115768,2.172015,-0.463084,-0.041001,0.460005,-0.041694,0.000579,-0.360192,0.000231,0.423692,0.360192,-0.000231,0.424000,0.047879
nhmuk_2446312297.jpg,saved,museum_butterfly_dorsal/mathequations_shape_fill/reconstructions/nhmuk_2446312297_math.png,0.853439,1,"L1:y=m1*x+q1; L2:y=m2*x+q2; L3:x=kx; C1:(x-h1)^2+(y-k1)^2=r1^2; C2:(x-h2)^2+(y-k2)^2=r2^2; E_i=((x-cx_i)^2/a_i^2)+((y-cy_i)^2/b_i^2); Q=sin(a*x+b*y+2*pi*D)+cos((a+b)*r-c*theta)+0.55*sin((c+phi)*3*x*y+d*D)+0.95*exp(-18*min(|L1|,|L2|,|L3|))+1.10*exp(-30*min(|C1|,|C2|))+sum(exp(-40*|E_i-1|))",7.040551,7.058215,5.348650,2.112459,-0.413512,-0.029904,0.410686,-0.030540,0.001743,-0.360177,0.000212,0.428649,0.360177,-0.000212,0.428931,0.039225
nhmuk_2446312309.jpg,saved,museum_butterfly_dorsal/mathequations_shape_fill/reconstructions/nhmuk_2446312309_math.png,0.780169,1,"L1:y=m1*x+q1; L2:y=m2*x+q2; L3:x=kx; C1:(x-h1)^2+(y-k1)^2=r1^2; C2:(x-h2)^2+(y-k2)^2=r2^2; E_i=((x-cx_i)^2/a_i^2)+((y-cy_i)^2/b_i^2); Q=sin(a*x+b*y+2*pi*D)+cos((a+b)*r-c*theta)+0.55*sin((c+phi)*3*x*y+d*D)+0.95*exp(-18*min(|L1|,|L2|,|L3|))+1.10*exp(-30*min(|C1|,|C2|))+sum(exp(-40*|E_i-1|))",7.179189,7.176841,5.370900,2.089717,-0.391330,-0.025634,0.391705,-0.025549,0.001855,-0.359977,-0.000028,0.430867,0.359977,0.000028,0.430829,0.054481
nhmuk_2446312350.jpg,saved,museum_butterfly_dorsal/mathequations_shape_fill/reconstructions/nhmuk_2446312350_math.png,0.805996,1,"L1:y=m1*x+q1; L2:y=m2*x+q2; L3:x=kx; C1:(x-h1)^2+(y-k1)^2=r1^2; C2:(x-h2)^2+(y-k2)^2=r2^2; E_i=((x-cx_i)^2/a_i^2)+((y-cy_i)^2/b_i^2); Q=sin(a*x+b*y+2*pi*D)+cos((a+b)*r-c*theta)+0.55*sin((c+phi)*3*x*y+d*D)+0.95*exp(-18*min(|L1|,|L2|,|L3|))+1.10*exp(-30*min(|C1|,|C2|))+sum(exp(-40*|E_i-1|))",6.987911,7.050978,5.252064,2.207781,-0.421934,-0.030165,0.411843,-0.032435,0.001260,-0.360631,0.000757,0.427807,0.360631,-0.000757,0.428816,0.040555
nhmuk_2446312403.jpg,saved,museum_butterfly_dorsal/mathequations_shape_fill/reconstructions/nhmuk_2446312403_math.png,0.792186,1,"L1:y=m1*x+q1; L2:y=m2*x+q2; L3:x=kx; C1:(x-h1)^2+(y-k1)^2=r1^2; C2:(x-h2)^2+(y-k2)^2=r2^2; E_i=((x-cx_i)^2/a_i^2)+((y-cy_i)^2/b_i^2); Q=sin(a*x+b*y+2*pi*D)+cos((a+b)*r-c*theta)+0.55*sin((c+phi)*3*x*y+d*D)+0.95*exp(-18*min(|L1|,|L2|,|L3|))+1.10*exp(-30*min(|C1|,|C2|))+sum(exp(-40*|E_i-1|))",6.882579,6.891397,5.254975,2.105339,-0.438787,-0.035910,0.437376,-0.036227,0.001275,-0.360088,0.000106,0.426121,0.360088,-0.000106,0.426262,0.039380
nhmuk_2446312411.jpg,saved,museum_butterfly_dorsal/mathequations_shape_fill/reconstructions/nhmuk_2446312411_math.png,0.801383,1,"L1:y=m1*x+q1; L2:y=m2*x+q2; L3:x=kx; C1:(x-h1)^2+(y-k1)^2=r1^2; C2:(x-h2)^2+(y-k2)^2=r2^2; E_i=((x-cx_i)^2/a_i^2)+((y-cy_i)^2/b_i^2); Q=sin(a*x+b*y+2*pi*D)+cos((a+b)*r-c*theta)+0.55*sin((c+phi)*3*x*y+d*D)+0.95*exp(-18*min(|L1|,|L2|,|L3|))+1.10*exp(-30*min(|C1|,|C2|))+sum(exp(-40*|E_i-1|))",7.135619,7.162182,5.437510,2.081250,-0.398301,-0.026161,0.394051,-0.027118,0.002188,-0.360266,0.000319,0.430170,0.360266,-0.000319,0.430595,0.033533
nhmuk_2446312416.jpg,saved,museum_butterfly_dorsal/mathequations_shape_fill/reconstructions/nhmuk_2446312416_math.png,0.829745,1,"L1:y=m1*x+q1; L2:y=m2*x+q2; L3:x=kx; C1:(x-h1)^2+(y-k1)^2=r1^2; C2:(x-h2)^2+(y-k2)^2=r2^2; E_i=((x-cx_i)^2/a_i^2)+((y-cy_i)^2/b_i^2); Q=sin(a*x+b*y+2*pi*D)+cos((a+b)*r-c*theta)+0.55*sin((c+phi)*3*x*y+d*D)+0.95*exp(-18*min(|L1|,|L2|,|L3|))+1.10*exp(-30*min(|C1|,|C2|))+sum(exp(-40*|E_i-1|))",6.772748,6.862234,5.122509,2.201099,-0.456360,-0.036960,0.442043,-0.040181,0.000613,-0.360895,0.001074,0.424364,0.360895,-0.001074,0.425796,0.055582
nhmuk_2446312425.jpg,saved,museum_butterfly_dorsal/mathequations_shape_fill/reconstructions/nhmuk_2446312425_math.png,0.822619,1,"L1:y=m1*x+q1; L2:y=m2*x+q2; L3:x=kx; C1:(x-h1)^2+(y-k1)^2=r1^2; C2:(x-h2)^2+(y-k2)^2=r2^2; E_i=((x-cx_i)^2/a_i^2)+((y-cy_i)^2/b_i^2); Q=sin(a*x+b*y+2*pi*D)+cos((a+b)*r-c*theta)+0.55*sin((c+phi)*3*x*y+d*D)+0.95*exp(-18*min(|L1|,|L2|,|L3|))+1.10*exp(-30*min(|C1|,|C2|))+sum(exp(-40*|E_i-1|))",6.896402,6.905616,5.243828,2.139797,-0.436576,-0.035398,0.435101,-0.035730,0.001219,-0.360092,0.000111,0.426342,0.360092,-0.000111,0.426490,0.039659
nhmuk_2446312458.jpg,saved,museum_butterfly_dorsal/mathequations_shape_fill/reconstructions/nhmuk_2446312458_math.png,0.837288,1,"L1:y=m1*x+q1; L2:y=m2*x+q2; L3:x=kx; C1:(x-h1)^2+(y-k1)^2=r1^2; C2:(x-h2)^2+(y-k2)^2=r2^2; E_i=((x-cx_i)^2/a_i^2)+((y-cy_i)^2/b_i^2); Q=sin(a*x+b*y+2*pi*D)+cos((a+b)*r-c*theta)+0.55*sin((c+phi)*3*x*y+d*D)+0.95*exp(-18*min(|L1|,|L2|,|L3|))+1.10*exp(-30*min(|C1|,|C2|))+sum(exp(-40*|E_i-1|))",6.747633,6.835405,5.101544,2.157528,-0.460379,-0.037925,0.446335,-0.041085,0.000508,-0.360878,0.001053,0.423962,0.360878,-0.001053,0.425366,0.041562
nhmuk_2446312545.jpg,saved,museum_butterfly_dorsal/mathequations_shape_fill/reconstructions/nhmuk_2446312545_math.png,0.833770,1,"L1:y=m1*x+q1; L2:y=m2*x+q2; L3:x=kx; C1:(x-h1)^2+(y-k1)^2=r1^2; C2:(x-h2)^2+(y-k2)^2=r2^2; E_i=((x-cx_i)^2/a_i^2)+((y-cy_i)^2/b_i^2); Q=sin(a*x+b*y+2*pi*D)+cos((a+b)*r-c*theta)+0.55*sin((c+phi)*3*x*y+d*D)+0.95*exp(-18*min(|L1|,|L2|,|L3|))+1.10*exp(-30*min(|C1|,|C2|))+sum(exp(-40*|E_i-1|))",6.944594,6.960758,5.280176,2.141318,-0.428865,-0.033413,0.426279,-0.033995,0.001401,-0.360162,0.000194,0.427113,0.360162,-0.000194,0.427372,0.048245
nhmuk_2446312554.jpg,saved,museum_butterfly_dorsal/mathequations_shape_fill/reconstructions/nhmuk_2446312554_math.png,0.855711,1,"L1:y=m1*x+q1; L2:y=m2*x+q2; L3:x=kx; C1:(x-h1)^2+(y-k1)^2=r1^2; C2:(x-h2)^2+(y-k2)^2=r2^2; E_i=((x-cx_i)^2/a_i^2)+((y-cy_i)^2/b_i^2); Q=sin(a*x+b*y+2*pi*D)+cos((a+b)*r-c*theta)+0.55*sin((c+phi)*3*x*y+d*D)+0.95*exp(-18*min(|L1|,|L2|,|L3|))+1.10*exp(-30*min(|C1|,|C2|))+sum(exp(-40*|E_i-1|))",7.018422,7.026286,5.323988,2.144043,-0.417052,-0.031054,0.415794,-0.031337,0.001620,-0.360079,0.000094,0.428295,0.360079,-0.000094,0.428421,0.041793
nhmuk_2446312565.jpg,saved,museum_butterfly_dorsal/mathequations_shape_fill/reconstructions/nhmuk_2446312565_math.png,0.818791,1,"L1:y=m1*x+q1; L2:y=m2*x+q2; L3:x=kx; C1:(x-h1)^2+(y-k1)^2=r1^2; C2:(x-h2)^2+(y-k2)^2=r2^2; E_i=((x-cx_i)^2/a_i^2)+((y-cy_i)^2/b_i^2); Q=sin(a*x+b*y+2*pi*D)+cos((a+b)*r-c*theta)+0.55*sin((c+phi)*3*x*y+d*D)+0.95*exp(-18*min(|L1|,|L2|,|L3|))+1.10*exp(-30*min(|C1|,|C2|))+sum(exp(-40*|E_i-1|))",7.019978,6.985004,5.139390,2.318648,-0.416803,-0.032540,0.422399,-0.031281,0.000697,-0.359650,-0.000420,0.428320,0.359650,0.000420,0.427760,0.073008
nhmuk_2446312619.jpg,saved,museum_butterfly_dorsal/mathequations_shape_fill/reconstructions/nhmuk_2446312619_math.png,0.792938,1,"L1:y=m1*x+q1; L2:y=m2*x+q2; L3:x=kx; C1:(x-h1)^2+(y-k1)^2=r1^2; C2:(x-h2)^2+(y-k2)^2=r2^2; E_i=((x-cx_i)^2/a_i^2)+((y-cy_i)^2/b_i^2); Q=sin(a*x+b*y+2*pi*D)+cos((a+b)*r-c*theta)+0.55*sin((c+phi)*3*x*y+d*D)+0.95*exp(-18*min(|L1|,|L2|,|L3|))+1.10*exp(-30*min(|C1|,|C2|))+sum(exp(-40*|E_i-1|))",6.975152,6.913810,5.155517,2.291745,-0.423976,-0.035103,0.433790,-0.032895,0.000778,-0.359387,-0.000736,0.427602,0.359387,0.000736,0.426621,0.064359
nhmuk_2446312653.jpg,saved,museum_butterfly_dorsal/mathequations_shape_fill/reconstructions/nhmuk_2446312653_math.png,0.830567,1,"L1:y=m1*x+q1; L2:y=m2*x+q2; L3:x=kx; C1:(x-h1)^2+(y-k1)^2=r1^2; C2:(x-h2)^2+(y-k2)^2=r2^2; E_i=((x-cx_i)^2/a_i^2)+((y-cy_i)^2/b_i^2); Q=sin(a*x+b*y+2*pi*D)+cos((a+b)*r-c*theta)+0.55*sin((c+phi)*3*x*y+d*D)+0.95*exp(-18*min(|L1|,|L2|,|L3|))+1.10*exp(-30*min(|C1|,|C2|))+sum(exp(-40*|E_i-1|))",7.126180,7.053735,5.299100,2.200972,-0.399811,-0.030066,0.411402,-0.027458,0.001496,-0.359276,-0.000869,0.430019,0.359276,0.000869,0.428860,0.063415
nhmuk_2446312677.jpg,saved,museum_butterfly_dorsal/mathequations_shape_fill/reconstructions/nhmuk_2446312677_math.png,0.799111,1,"L1:y=m1*x+q1; L2:y=m2*x+q2; L3:x=kx; C1:(x-h1)^2+(y-k1)^2=r1^2; C2:(x-h2)^2+(y-k2)^2=r2^2; E_i=((x-cx_i)^2/a_i^2)+((y-cy_i)^2/b_i^2); Q=sin(a*x+b*y+2*pi*D)+cos((a+b)*r-c*theta)+0.55*sin((c+phi)*3*x*y+d*D)+0.95*exp(-18*min(|L1|,|L2|,|L3|))+1.10*exp(-30*min(|C1|,|C2|))+sum(exp(-40*|E_i-1|))",6.774767,6.740722,4.917666,2.334208,-0.456037,-0.041334,0.461484,-0.040108,-0.000412,-0.359660,-0.000409,0.424396,0.359660,0.000409,0.423852,0.062106
nhmuk_2446312733.jpg,saved,museum_butterfly_dorsal/mathequations_shape_fill/reconstructions/nhmuk_2446312733_math.png,0.832178,1,"L1:y=m1*x+q1; L2:y=m2*x+q2; L3:x=kx; C1:(x-h1)^2+(y-k1)^2=r1^2; C2:(x-h2)^2+(y-k2)^2=r2^2; E_i=((x-cx_i)^2/a_i^2)+((y-cy_i)^2/b_i^2); Q=sin(a*x+b*y+2*pi*D)+cos((a+b)*r-c*theta)+0.55*sin((c+phi)*3*x*y+d*D)+0.95*exp(-18*min(|L1|,|L2|,|L3|))+1.10*exp(-30*min(|C1|,|C2|))+sum(exp(-40*|E_i-1|))",6.750225,6.810216,5.105725,2.182656,-0.459964,-0.038832,0.450365,-0.040992,0.000529,-0.360600,0.000720,0.424004,0.360600,-0.000720,0.424963,0.046616
nhmuk_2446312741.jpg,saved,museum_butterfly_dorsal/mathequations_shape_fill/reconstructions/nhmuk_2446312741_math.png,0.818872,1,"L1:y=m1*x+q1; L2:y=m2*x+q2; L3:x=kx; C1:(x-h1)^2+(y-k1)^2=r1^2; C2:(x-h2)^2+(y-k2)^2=r2^2; E_i=((x-cx_i)^2/a_i^2)+((y-cy_i)^2/b_i^2); Q=sin(a*x+b*y+2*pi*D)+cos((a+b)*r-c*theta)+0.55*sin((c+phi)*3*x*y+d*D)+0.95*exp(-18*min(|L1|,|L2|,|L3|))+1.10*exp(-30*min(|C1|,|C2|))+sum(exp(-40*|E_i-1|))",6.894628,6.957209,5.199876,2.141504,-0.436860,-0.033540,0.426847,-0.035793,0.000999,-0.360626,0.000751,0.426314,0.360626,-0.000751,0.427315,0.040266
nhmuk_2446312765.jpg,saved,museum_butterfly_dorsal/mathequations_shape_fill/reconstructions/nhmuk_2446312765_math.png,0.713841,1,"L1:y=m1*x+q1; L2:y=m2*x+q2; L3:x=kx; C1:(x-h1)^2+(y-k1)^2=r1^2; C2:(x-h2)^2+(y-k2)^2=r2^2; E_i=((x-cx_i)^2/a_i^2)+((y-cy_i)^2/b_i^2); Q=sin(a*x+b*y+2*pi*D)+cos((a+b)*r-c*theta)+0.55*sin((c+phi)*3*x*y+d*D)+0.95*exp(-18*min(|L1|,|L2|,|L3|))+1.10*exp(-30*min(|C1|,|C2|))+sum(exp(-40*|E_i-1|))",6.660965,6.665141,4.987666,2.114667,-0.474246,-0.044055,0.473577,-0.044205,-0.000062,-0.360042,0.000050,0.422575,0.360042,-0.000050,0.422642,0.046676
nhmuk_2446312767.jpg,saved,museum_butterfly_dorsal/mathequations_shape_fill/reconstructions/nhmuk_2446312767_math.png,0.768168,1,"L1:y=m1*x+q1; L2:y=m2*x+q2; L3:x=kx; C1:(x-h1)^2+(y-k1)^2=r1^2; C2:(x-h2)^2+(y-k2)^2=r2^2; E_i=((x-cx_i)^2/a_i^2)+((y-cy_i)^2/b_i^2); Q=sin(a*x+b*y+2*pi*D)+cos((a+b)*r-c*theta)+0.55*sin((c+phi)*3*x*y+d*D)+0.95*exp(-18*min(|L1|,|L2|,|L3|))+1.10*exp(-30*min(|C1|,|C2|))+sum(exp(-40*|E_i-1|))",6.967207,6.955799,5.205887,2.152379,-0.425247,-0.033591,0.427072,-0.033181,0.001029,-0.359886,-0.000137,0.427475,0.359886,0.000137,0.427293,0.055996
nhmuk_2446312790.jpg,saved,museum_butterfly_dorsal/mathequations_shape_fill/reconstructions/nhmuk_2446312790_math.png,0.783338,1,"L1:y=m1*x+q1; L2:y=m2*x+q2; L3:x=kx; C1:(x-h1)^2+(y-k1)^2=r1^2; C2:(x-h2)^2+(y-k2)^2=r2^2; E_i=((x-cx_i)^2/a_i^2)+((y-cy_i)^2/b_i^2); Q=sin(a*x+b*y+2*pi*D)+cos((a+b)*r-c*theta)+0.55*sin((c+phi)*3*x*y+d*D)+0.95*exp(-18*min(|L1|,|L2|,|L3|))+1.10*exp(-30*min(|C1|,|C2|))+sum(exp(-40*|E_i-1|))",7.070989,7.053326,5.274044,2.136992,-0.408642,-0.030080,0.411468,-0.029444,0.001370,-0.359823,-0.000212,0.429136,0.359823,0.000212,0.428853,0.066586
nhmuk_2446312833.jpg,saved,museum_butterfly_dorsal/mathequations_shape_fill/reconstructions/nhmuk_2446312833_math.png,0.819853,1,"L1:y=m1*x+q1; L2:y=m2*x+q2; L3:x=kx; C1:(x-h1)^2+(y-k1)^2=r1^2; C2:(x-h2)^2+(y-k2)^2=r2^2; E_i=((x-cx_i)^2/a_i^2)+((y-cy_i)^2/b_i^2); Q=sin(a*x+b*y+2*pi*D)+cos((a+b)*r-c*theta)+0.55*sin((c+phi)*3*x*y+d*D)+0.95*exp(-18*min(|L1|,|L2|,|L3|))+1.10*exp(-30*min(|C1|,|C2|))+sum(exp(-40*|E_i-1|))",6.871819,6.951223,5.202083,2.157258,-0.440509,-0.033756,0.427804,-0.036615,0.001010,-0.360794,0.000953,0.425949,0.360794,-0.000953,0.427220,0.052169
nhmuk_2446312879.jpg,saved,museum_butterfly_dorsal/mathequations_shape_fill/reconstructions/nhmuk_2446312879_math.png,0.840473,1,"L1:y=m1*x+q1; L2:y=m2*x+q2; L3:x=kx; C1:(x-h1)^2+(y-k1)^2=r1^2; C2:(x-h2)^2+(y-k2)^2=r2^2; E_i=((x-cx_i)^2/a_i^2)+((y-cy_i)^2/b_i^2); Q=sin(a*x+b*y+2*pi*D)+cos((a+b)*r-c*theta)+0.55*sin((c+phi)*3*x*y+d*D)+0.95*exp(-18*min(|L1|,|L2|,|L3|))+1.10*exp(-30*min(|C1|,|C2|))+sum(exp(-40*|E_i-1|))",6.522961,6.593778,4.947706,2.218647,-0.496326,-0.046624,0.484995,-0.049173,-0.000261,-0.360708,0.000850,0.420367,0.360708,-0.000850,0.421500,0.038837
nhmuk_2446312996.jpg,saved,museum_butterfly_dorsal/mathequations_shape_fill/reconstructions/nhmuk_2446312996_math.png,0.821986,1,"L1:y=m1*x+q1; L2:y=m2*x+q2; L3:x=kx; C1:(x-h1)^2+(y-k1)^2=r1^2; C2:(x-h2)^2+(y-k2)^2=r2^2; E_i=((x-cx_i)^2/a_i^2)+((y-cy_i)^2/b_i^2); Q=sin(a*x+b*y+2*pi*D)+cos((a+b)*r-c*theta)+0.55*sin((c+phi)*3*x*y+d*D)+0.95*exp(-18*min(|L1|,|L2|,|L3|))+1.10*exp(-30*min(|C1|,|C2|))+sum(exp(-40*|E_i-1|))",6.996469,7.013961,5.323199,2.105469,-0.420565,-0.031497,0.417766,-0.032127,0.001616,-0.360175,0.000210,0.427944,0.360175,-0.000210,0.428223,0.038258
nhmuk_2446313018.jpg,saved,museum_butterfly_dorsal/mathequations_shape_fill/reconstructions/nhmuk_2446313018_math.png,0.830862,1,"L1:y=m1*x+q1; L2:y=m2*x+q2; L3:x=kx; C1:(x-h1)^2+(y-k1)^2=r1^2; C2:(x-h2)^2+(y-k2)^2=r2^2; E_i=((x-cx_i)^2/a_i^2)+((y-cy_i)^2/b_i^2); Q=sin(a*x+b*y+2*pi*D)+cos((a+b)*r-c*theta)+0.55*sin((c+phi)*3*x*y+d*D)+0.95*exp(-18*min(|L1|,|L2|,|L3|))+1.10*exp(-30*min(|C1|,|C2|))+sum(exp(-40*|E_i-1|))",6.761647,6.859500,5.119729,2.213780,-0.458136,-0.037058,0.442480,-0.040581,0.000599,-0.360979,0.001174,0.424186,0.360979,-0.001174,0.425752,0.041893
nhmuk_2446313063.jpg,saved,museum_butterfly_dorsal/mathequations_shape_fill/reconstructions/nhmuk_2446313063_math.png,0.834305,1,"L1:y=m1*x+q1; L2:y=m2*x+q2; L3:x=kx; C1:(x-h1)^2+(y-k1)^2=r1^2; C2:(x-h2)^2+(y-k2)^2=r2^2; E_i=((x-cx_i)^2/a_i^2)+((y-cy_i)^2/b_i^2); Q=sin(a*x+b*y+2*pi*D)+cos((a+b)*r-c*theta)+0.55*sin((c+phi)*3*x*y+d*D)+0.95*exp(-18*min(|L1|,|L2|,|L3|))+1.10*exp(-30*min(|C1|,|C2|))+sum(exp(-40*|E_i-1|))",7.048378,7.057772,5.338695,2.143448,-0.412260,-0.029920,0.410756,-0.030258,0.001693,-0.360094,0.000113,0.428774,0.360094,-0.000113,0.428924,0.044457
nhmuk_2446313079.jpg,saved,museum_butterfly_dorsal/mathequations_shape_fill/reconstructions/nhmuk_2446313079_math.png,0.821414,1,"L1:y=m1*x+q1; L2:y=m2*x+q2; L3:x=kx; C1:(x-h1)^2+(y-k1)^2=r1^2; C2:(x-h2)^2+(y-k2)^2=r2^2; E_i=((x-cx_i)^2/a_i^2)+((y-cy_i)^2/b_i^2); Q=sin(a*x+b*y+2*pi*D)+cos((a+b)*r-c*theta)+0.55*sin((c+phi)*3*x*y+d*D)+0.95*exp(-18*min(|L1|,|L2|,|L3|))+1.10*exp(-30*min(|C1|,|C2|))+sum(exp(-40*|E_i-1|))",6.974670,7.037179,5.274274,2.152394,-0.424053,-0.030662,0.414051,-0.032912,0.001371,-0.360625,0.000750,0.427595,0.360625,-0.000750,0.428595,0.046598
nhmuk_2446313081.jpg,saved,museum_butterfly_dorsal/mathequations_shape_fill/reconstructions/nhmuk_2446313081_math.png,0.828968,1,"L1:y=m1*x+q1; L2:y=m2*x+q2; L3:x=kx; C1:(x-h1)^2+(y-k1)^2=r1^2; C2:(x-h2)^2+(y-k2)^2=r2^2; E_i=((x-cx_i)^2/a_i^2)+((y-cy_i)^2/b_i^2); Q=sin(a*x+b*y+2*pi*D)+cos((a+b)*r-c*theta)+0.55*sin((c+phi)*3*x*y+d*D)+0.95*exp(-18*min(|L1|,|L2|,|L3|))+1.10*exp(-30*min(|C1|,|C2|))+sum(exp(-40*|E_i-1|))",6.588784,6.600227,4.989705,2.162777,-0.485795,-0.046392,0.483964,-0.046804,-0.000051,-0.360114,0.000137,0.421421,0.360114,-0.000137,0.421604,0.039832
nhmuk_2446313138.jpg,saved,museum_butterfly_dorsal/mathequations_shape_fill/reconstructions/nhmuk_2446313138_math.png,0.809264,1,"L1:y=m1*x+q1; L2:y=m2*x+q2; L3:x=kx; C1:(x-h1)^2+(y-k1)^2=r1^2; C2:(x-h2)^2+(y-k2)^2=r2^2; E_i=((x-cx_i)^2/a_i^2)+((y-cy_i)^2/b_i^2); Q=sin(a*x+b*y+2*pi*D)+cos((a+b)*r-c*theta)+0.55*sin((c+phi)*3*x*y+d*D)+0.95*exp(-18*min(|L1|,|L2|,|L3|))+1.10*exp(-30*min(|C1|,|C2|))+sum(exp(-40*|E_i-1|))",6.890023,6.798174,5.068259,2.307654,-0.437596,-0.039266,0.452292,-0.035959,0.000341,-0.359082,-0.001102,0.426240,0.359082,0.001102,0.424771,0.068180
nhmuk_2446313271.jpg,saved,museum_butterfly_dorsal/mathequations_shape_fill/reconstructions/nhmuk_2446313271_math.png,0.759652,1,"L1:y=m1*x+q1; L2:y=m2*x+q2; L3:x=kx; C1:(x-h1)^2+(y-k1)^2=r1^2; C2:(x-h2)^2+(y-k2)^2=r2^2; E_i=((x-cx_i)^2/a_i^2)+((y-cy_i)^2/b_i^2); Q=sin(a*x+b*y+2*pi*D)+cos((a+b)*r-c*theta)+0.55*sin((c+phi)*3*x*y+d*D)+0.95*exp(-18*min(|L1|,|L2|,|L3|))+1.10*exp(-30*min(|C1|,|C2|))+sum(exp(-40*|E_i-1|))",7.147153,7.117896,5.322843,2.249353,-0.396455,-0.027756,0.401137,-0.026702,0.001614,-0.359707,-0.000351,0.430354,0.359707,0.000351,0.429886,0.049229
nhmuk_2446313390.jpg,saved,museum_butterfly_dorsal/mathequations_shape_fill/reconstructions/nhmuk_2446313390_math.png,0.811951,1,"L1:y=m1*x+q1; L2:y=m2*x+q2; L3:x=kx; C1:(x-h1)^2+(y-k1)^2=r1^2; C2:(x-h2)^2+(y-k2)^2=r2^2; E_i=((x-cx_i)^2/a_i^2)+((y-cy_i)^2/b_i^2); Q=sin(a*x+b*y+2*pi*D)+cos((a+b)*r-c*theta)+0.55*sin((c+phi)*3*x*y+d*D)+0.95*exp(-18*min(|L1|,|L2|,|L3|))+1.10*exp(-30*min(|C1|,|C2|))+sum(exp(-40*|E_i-1|))",7.289991,7.190314,5.322321,2.130731,-0.373601,-0.025149,0.389550,-0.021560,0.001612,-0.359003,-0.001196,0.432640,0.359003,0.001196,0.431045,0.035489
nhmuk_2446313393.jpg,saved,museum_butterfly_dorsal/mathequations_shape_fill/reconstructions/nhmuk_2446313393_math.png,0.808464,1,"L1:y=m1*x+q1; L2:y=m2*x+q2; L3:x=kx; C1:(x-h1)^2+(y-k1)^2=r1^2; C2:(x-h2)^2+(y-k2)^2=r2^2; E_i=((x-cx_i)^2/a_i^2)+((y-cy_i)^2/b_i^2); Q=sin(a*x+b*y+2*pi*D)+cos((a+b)*r-c*theta)+0.55*sin((c+phi)*3*x*y+d*D)+0.95*exp(-18*min(|L1|,|L2|,|L3|))+1.10*exp(-30*min(|C1|,|C2|))+sum(exp(-40*|E_i-1|))",6.939493,6.877448,5.145429,2.068949,-0.429681,-0.036412,0.439608,-0.034178,0.000727,-0.359380,-0.000745,0.427032,0.359380,0.000745,0.426039,0.026753
nhmuk_2446313461.jpg,saved,museum_butterfly_dorsal/mathequations_shape_fill/reconstructions/nhmuk_2446313461_math.png,0.768940,1,"L1:y=m1*x+q1; L2:y=m2*x+q2; L3:x=kx; C1:(x-h1)^2+(y-k1)^2=r1^2; C2:(x-h2)^2+(y-k2)^2=r2^2; E_i=((x-cx_i)^2/a_i^2)+((y-cy_i)^2/b_i^2); Q=sin(a*x+b*y+2*pi*D)+cos((a+b)*r-c*theta)+0.55*sin((c+phi)*3*x*y+d*D)+0.95*exp(-18*min(|L1|,|L2|,|L3|))+1.10*exp(-30*min(|C1|,|C2|))+sum(exp(-40*|E_i-1|))",6.725580,6.636103,4.893166,2.464521,-0.463907,-0.045100,0.478224,-0.041879,-0.000534,-0.359105,-0.001074,0.423609,0.359105,0.001074,0.422178,0.073754
nhmuk_2446313463.jpg,saved,museum_butterfly_dorsal/mathequations_shape_fill/reconstructions/nhmuk_2446313463_math.png,0.790683,1,"L1:y=m1*x+q1; L2:y=m2*x+q2; L3:x=kx; C1:(x-h1)^2+(y-k1)^2=r1^2; C2:(x-h2)^2+(y-k2)^2=r2^2; E_i=((x-cx_i)^2/a_i^2)+((y-cy_i)^2/b_i^2); Q=sin(a*x+b*y+2*pi*D)+cos((a+b)*r-c*theta)+0.55*sin((c+phi)*3*x*y+d*D)+0.95*exp(-18*min(|L1|,|L2|,|L3|))+1.10*exp(-30*min(|C1|,|C2|))+sum(exp(-40*|E_i-1|))",6.948934,6.844685,5.064853,2.215085,-0.428170,-0.037591,0.444850,-0.033838,0.000324,-0.358958,-0.001251,0.427183,0.358958,0.001251,0.425515,0.052561
nhmuk_2446313490.jpg,saved,museum_butterfly_dorsal/mathequations_shape_fill/reconstructions/nhmuk_2446313490_math.png,0.794173,1,"L1:y=m1*x+q1; L2:y=m2*x+q2; L3:x=kx; C1:(x-h1)^2+(y-k1)^2=r1^2; C2:(x-h2)^2+(y-k2)^2=r2^2; E_i=((x-cx_i)^2/a_i^2)+((y-cy_i)^2/b_i^2); Q=sin(a*x+b*y+2*pi*D)+cos((a+b)*r-c*theta)+0.55*sin((c+phi)*3*x*y+d*D)+0.95*exp(-18*min(|L1|,|L2|,|L3|))+1.10*exp(-30*min(|C1|,|C2|))+sum(exp(-40*|E_i-1|))",6.969295,6.892069,5.139860,2.098142,-0.424913,-0.035886,0.437269,-0.033105,0.000699,-0.359228,-0.000927,0.427509,0.359228,0.000927,0.426273,0.030273
nhmuk_2446313495.jpg,saved,museum_butterfly_dorsal/mathequations_shape_fill/reconstructions/nhmuk_2446313495_math.png,0.731288,1,"L1:y=m1*x+q1; L2:y=m2*x+q2; L3:x=kx; C1:(x-h1)^2+(y-k1)^2=r1^2; C2:(x-h2)^2+(y-k2)^2=r2^2; E_i=((x-cx_i)^2/a_i^2)+((y-cy_i)^2/b_i^2); Q=sin(a*x+b*y+2*pi*D)+cos((a+b)*r-c*theta)+0.55*sin((c+phi)*3*x*y+d*D)+0.95*exp(-18*min(|L1|,|L2|,|L3|))+1.10*exp(-30*min(|C1|,|C2|))+sum(exp(-40*|E_i-1|))",6.661908,6.620450,4.937356,2.114161,-0.474095,-0.045664,0.480728,-0.044171,-0.000313,-0.359585,-0.000497,0.422591,0.359585,0.000497,0.421927,0.009719
nhmuk_2446313550.jpg,saved,museum_butterfly_dorsal/mathequations_shape_fill/reconstructions/nhmuk_2446313550_math.png,0.773500,1,"L1:y=m1*x+q1; L2:y=m2*x+q2; L3:x=kx; C1:(x-h1)^2+(y-k1)^2=r1^2; C2:(x-h2)^2+(y-k2)^2=r2^2; E_i=((x-cx_i)^2/a_i^2)+((y-cy_i)^2/b_i^2); Q=sin(a*x+b*y+2*pi*D)+cos((a+b)*r-c*theta)+0.55*sin((c+phi)*3*x*y+d*D)+0.95*exp(-18*min(|L1|,|L2|,|L3|))+1.10*exp(-30*min(|C1|,|C2|))+sum(exp(-40*|E_i-1|))",7.102792,6.943869,5.089147,2.240454,-0.403553,-0.034021,0.428981,-0.028299,0.000446,-0.358411,-0.001907,0.429645,0.358411,0.001907,0.427102,0.052162
nhmuk_2446313662.jpg,saved,museum_butterfly_dorsal/mathequations_shape_fill/reconstructions/nhmuk_2446313662_math.png,0.715819,1,"L1:y=m1*x+q1; L2:y=m2*x+q2; L3:x=kx; C1:(x-h1)^2+(y-k1)^2=r1^2; C2:(x-h2)^2+(y-k2)^2=r2^2; E_i=((x-cx_i)^2/a_i^2)+((y-cy_i)^2/b_i^2); Q=sin(a*x+b*y+2*pi*D)+cos((a+b)*r-c*theta)+0.55*sin((c+phi)*3*x*y+d*D)+0.95*exp(-18*min(|L1|,|L2|,|L3|))+1.10*exp(-30*min(|C1|,|C2|))+sum(exp(-40*|E_i-1|))",6.968993,6.835015,5.006996,2.420743,-0.424961,-0.037939,0.446398,-0.033116,0.000035,-0.358660,-0.001608,0.427504,0.358660,0.001608,0.425360,0.070660
nhmuk_2446313712.jpg,saved,museum_butterfly_dorsal/mathequations_shape_fill/reconstructions/nhmuk_2446313712_math.png,0.690011,1,"L1:y=m1*x+q1; L2:y=m2*x+q2; L3:x=kx; C1:(x-h1)^2+(y-k1)^2=r1^2; C2:(x-h2)^2+(y-k2)^2=r2^2; E_i=((x-cx_i)^2/a_i^2)+((y-cy_i)^2/b_i^2); Q=sin(a*x+b*y+2*pi*D)+cos((a+b)*r-c*theta)+0.55*sin((c+phi)*3*x*y+d*D)+0.95*exp(-18*min(|L1|,|L2|,|L3|))+1.10*exp(-30*min(|C1|,|C2|))+sum(exp(-40*|E_i-1|))",6.568726,6.539704,4.834936,2.355806,-0.489004,-0.048571,0.493647,-0.047526,-0.000825,-0.359710,-0.000348,0.421100,0.359710,0.000348,0.420635,0.044604
nhmuk_2446313713.jpg,saved,museum_butterfly_dorsal/mathequations_shape_fill/reconstructions/nhmuk_2446313713_math.png,0.764796,1,"L1:y=m1*x+q1; L2:y=m2*x+q2; L3:x=kx; C1:(x-h1)^2+(y-k1)^2=r1^2; C2:(x-h2)^2+(y-k2)^2=r2^2; E_i=((x-cx_i)^2/a_i^2)+((y-cy_i)^2/b_i^2); Q=sin(a*x+b*y+2*pi*D)+cos((a+b)*r-c*theta)+0.55*sin((c+phi)*3*x*y+d*D)+0.95*exp(-18*min(|L1|,|L2|,|L3|))+1.10*exp(-30*min(|C1|,|C2|))+sum(exp(-40*|E_i-1|))",7.185535,7.156882,5.366878,2.034136,-0.390314,-0.026352,0.394899,-0.025321,0.001834,-0.359713,-0.000344,0.430969,0.359713,0.000344,0.430510,0.012709
nhmuk_2446313736.jpg,saved,museum_butterfly_dorsal/mathequations_shape_fill/reconstructions/nhmuk_2446313736_math.png,0.799751,1,"L1:y=m1*x+q1; L2:y=m2*x+q2; L3:x=kx; C1:(x-h1)^2+(y-k1)^2=r1^2; C2:(x-h2)^2+(y-k2)^2=r2^2; E_i=((x-cx_i)^2/a_i^2)+((y-cy_i)^2/b_i^2); Q=sin(a*x+b*y+2*pi*D)+cos((a+b)*r-c*theta)+0.55*sin((c+phi)*3*x*y+d*D)+0.95*exp(-18*min(|L1|,|L2|,|L3|))+1.10*exp(-30*min(|C1|,|C2|))+sum(exp(-40*|E_i-1|))",6.739162,6.712123,4.972511,2.305954,-0.461734,-0.042364,0.466060,-0.041390,-0.000137,-0.359730,-0.000324,0.423827,0.359730,0.000324,0.423394,0.058802
nhmuk_2446313793.jpg,saved,museum_butterfly_dorsal/mathequations_shape_fill/reconstructions/nhmuk_2446313793_math.png,0.784719,1,"L1:y=m1*x+q1; L2:y=m2*x+q2; L3:x=kx; C1:(x-h1)^2+(y-k1)^2=r1^2; C2:(x-h2)^2+(y-k2)^2=r2^2; E_i=((x-cx_i)^2/a_i^2)+((y-cy_i)^2/b_i^2); Q=sin(a*x+b*y+2*pi*D)+cos((a+b)*r-c*theta)+0.55*sin((c+phi)*3*x*y+d*D)+0.95*exp(-18*min(|L1|,|L2|,|L3|))+1.10*exp(-30*min(|C1|,|C2|))+sum(exp(-40*|E_i-1|))",6.976382,6.867818,5.068839,2.368959,-0.423779,-0.036759,0.441149,-0.032850,0.000344,-0.358914,-0.001303,0.427622,0.358914,0.001303,0.425885,0.064156
nhmuk_2446313823.jpg,saved,museum_butterfly_dorsal/mathequations_shape_fill/reconstructions/nhmuk_2446313823_math.png,0.801150,1,"L1:y=m1*x+q1; L2:y=m2*x+q2; L3:x=kx; C1:(x-h1)^2+(y-k1)^2=r1^2; C2:(x-h2)^2+(y-k2)^2=r2^2; E_i=((x-cx_i)^2/a_i^2)+((y-cy_i)^2/b_i^2); Q=sin(a*x+b*y+2*pi*D)+cos((a+b)*r-c*theta)+0.55*sin((c+phi)*3*x*y+d*D)+0.95*exp(-18*min(|L1|,|L2|,|L3|))+1.10*exp(-30*min(|C1|,|C2|))+sum(exp(-40*|E_i-1|))",6.714195,6.714982,4.937944,2.375119,-0.465729,-0.042261,0.465603,-0.042289,-0.000310,-0.360008,0.000009,0.423427,0.360008,-0.000009,0.423440,0.044705
nhmuk_2446313882.jpg,saved,museum_butterfly_dorsal/mathequations_shape_fill/reconstructions/nhmuk_2446313882_math.png,0.770101,1,"L1:y=m1*x+q1; L2:y=m2*x+q2; L3:x=kx; C1:(x-h1)^2+(y-k1)^2=r1^2; C2:(x-h2)^2+(y-k2)^2=r2^2; E_i=((x-cx_i)^2/a_i^2)+((y-cy_i)^2/b_i^2); Q=sin(a*x+b*y+2*pi*D)+cos((a+b)*r-c*theta)+0.55*sin((c+phi)*3*x*y+d*D)+0.95*exp(-18*min(|L1|,|L2|,|L3|))+1.10*exp(-30*min(|C1|,|C2|))+sum(exp(-40*|E_i-1|))",6.723894,6.743537,4.949787,2.248637,-0.464177,-0.041233,0.461034,-0.041940,-0.000251,-0.360196,0.000236,0.423582,0.360196,-0.000236,0.423897,0.052633
nhmuk_2446313919.jpg,saved,museum_butterfly_dorsal/mathequations_shape_fill/reconstructions/nhmuk_2446313919_math.png,0.756147,1,"L1:y=m1*x+q1; L2:y=m2*x+q2; L3:x=kx; C1:(x-h1)^2+(y-k1)^2=r1^2; C2:(x-h2)^2+(y-k2)^2=r2^2; E_i=((x-cx_i)^2/a_i^2)+((y-cy_i)^2/b_i^2); Q=sin(a*x+b*y+2*pi*D)+cos((a+b)*r-c*theta)+0.55*sin((c+phi)*3*x*y+d*D)+0.95*exp(-18*min(|L1|,|L2|,|L3|))+1.10*exp(-30*min(|C1|,|C2|))+sum(exp(-40*|E_i-1|))",6.470119,6.443820,4.732671,2.400143,-0.504781,-0.052022,0.508989,-0.051076,-0.001337,-0.359737,-0.000316,0.419522,0.359737,0.000316,0.419101,0.067053
nhmuk_2446313931.jpg,saved,museum_butterfly_dorsal/mathequations_shape_fill/reconstructions/nhmuk_2446313931_math.png,0.709999,1,"L1:y=m1*x+q1; L2:y=m2*x+q2; L3:x=kx; C1:(x-h1)^2+(y-k1)^2=r1^2; C2:(x-h2)^2+(y-k2)^2=r2^2; E_i=((x-cx_i)^2/a_i^2)+((y-cy_i)^2/b_i^2); Q=sin(a*x+b*y+2*pi*D)+cos((a+b)*r-c*theta)+0.55*sin((c+phi)*3*x*y+d*D)+0.95*exp(-18*min(|L1|,|L2|,|L3|))+1.10*exp(-30*min(|C1|,|C2|))+sum(exp(-40*|E_i-1|))",7.121036,7.132035,5.119809,2.320213,-0.400634,-0.027247,0.398874,-0.027643,0.000599,-0.360110,0.000132,0.429937,0.360110,-0.000132,0.430113,0.060054
nhmuk_2446313943.jpg,saved,museum_butterfly_dorsal/mathequations_shape_fill/reconstructions/nhmuk_2446313943_math.png,0.825744,1,"L1:y=m1*x+q1; L2:y=m2*x+q2; L3:x=kx; C1:(x-h1)^2+(y-k1)^2=r1^2; C2:(x-h2)^2+(y-k2)^2=r2^2; E_i=((x-cx_i)^2/a_i^2)+((y-cy_i)^2/b_i^2); Q=sin(a*x+b*y+2*pi*D)+cos((a+b)*r-c*theta)+0.55*sin((c+phi)*3*x*y+d*D)+0.95*exp(-18*min(|L1|,|L2|,|L3|))+1.10*exp(-30*min(|C1|,|C2|))+sum(exp(-40*|E_i-1|))",6.695360,6.683136,4.984950,2.240488,-0.468742,-0.043407,0.470698,-0.042967,-0.000075,-0.359878,-0.000147,0.423126,0.359878,0.000147,0.422930,0.037001
nhmuk_2446313951.jpg,saved,museum_butterfly_dorsal/mathequations_shape_fill/reconstructions/nhmuk_2446313951_math.png,0.762726,1,"L1:y=m1*x+q1; L2:y=m2*x+q2; L3:x=kx; C1:(x-h1)^2+(y-k1)^2=r1^2; C2:(x-h2)^2+(y-k2)^2=r2^2; E_i=((x-cx_i)^2/a_i^2)+((y-cy_i)^2/b_i^2); Q=sin(a*x+b*y+2*pi*D)+cos((a+b)*r-c*theta)+0.55*sin((c+phi)*3*x*y+d*D)+0.95*exp(-18*min(|L1|,|L2|,|L3|))+1.10*exp(-30*min(|C1|,|C2|))+sum(exp(-40*|E_i-1|))",6.779444,6.777417,5.037895,2.247016,-0.455289,-0.040013,0.455613,-0.039940,0.000189,-0.359980,-0.000024,0.424471,0.359980,0.000024,0.424439,0.036819
nhmuk_2446314054.jpg,saved,museum_butterfly_dorsal/mathequations_shape_fill/reconstructions/nhmuk_2446314054_math.png,0.816027,1,"L1:y=m1*x+q1; L2:y=m2*x+q2; L3:x=kx; C1:(x-h1)^2+(y-k1)^2=r1^2; C2:(x-h2)^2+(y-k2)^2=r2^2; E_i=((x-cx_i)^2/a_i^2)+((y-cy_i)^2/b_i^2); Q=sin(a*x+b*y+2*pi*D)+cos((a+b)*r-c*theta)+0.55*sin((c+phi)*3*x*y+d*D)+0.95*exp(-18*min(|L1|,|L2|,|L3|))+1.10*exp(-30*min(|C1|,|C2|))+sum(exp(-40*|E_i-1|))",6.684161,6.676757,4.908886,2.357973,-0.470534,-0.043637,0.471719,-0.043370,-0.000456,-0.359926,-0.000089,0.422947,0.359926,0.000089,0.422828,0.048155
nhmuk_2446314123.jpg,saved,museum_butterfly_dorsal/mathequations_shape_fill/reconstructions/nhmuk_2446314123_math.png,0.829585,1,"L1:y=m1*x+q1; L2:y=m2*x+q2; L3:x=kx; C1:(x-h1)^2+(y-k1)^2=r1^2; C2:(x-h2)^2+(y-k2)^2=r2^2; E_i=((x-cx_i)^2/a_i^2)+((y-cy_i)^2/b_i^2); Q=sin(a*x+b*y+2*pi*D)+cos((a+b)*r-c*theta)+0.55*sin((c+phi)*3*x*y+d*D)+0.95*exp(-18*min(|L1|,|L2|,|L3|))+1.10*exp(-30*min(|C1|,|C2|))+sum(exp(-40*|E_i-1|))",6.828378,6.780039,4.922954,2.404168,-0.447459,-0.039919,0.455194,-0.038178,-0.000385,-0.359517,-0.000580,0.425254,0.359517,0.000580,0.424481,0.069893
nhmuk_2446314162.jpg,saved,museum_butterfly_dorsal/mathequations_shape_fill/reconstructions/nhmuk_2446314162_math.png,0.757305,1,"L1:y=m1*x+q1; L2:y=m2*x+q2; L3:x=kx; C1:(x-h1)^2+(y-k1)^2=r1^2; C2:(x-h2)^2+(y-k2)^2=r2^2; E_i=((x-cx_i)^2/a_i^2)+((y-cy_i)^2/b_i^2); Q=sin(a*x+b*y+2*pi*D)+cos((a+b)*r-c*theta)+0.55*sin((c+phi)*3*x*y+d*D)+0.95*exp(-18*min(|L1|,|L2|,|L3|))+1.10*exp(-30*min(|C1|,|C2|))+sum(exp(-40*|E_i-1|))",6.755695,6.760829,4.966577,2.277422,-0.459089,-0.040610,0.458267,-0.040795,-0.000167,-0.360051,0.000062,0.424091,0.360051,-0.000062,0.424173,0.051199
nhmuk_2446314170.jpg,saved,museum_butterfly_dorsal/mathequations_shape_fill/reconstructions/nhmuk_2446314170_math.png,0.787018,1,"L1:y=m1*x+q1; L2:y=m2*x+q2; L3:x=kx; C1:(x-h1)^2+(y-k1)^2=r1^2; C2:(x-h2)^2+(y-k2)^2=r2^2; E_i=((x-cx_i)^2/a_i^2)+((y-cy_i)^2/b_i^2); Q=sin(a*x+b*y+2*pi*D)+cos((a+b)*r-c*theta)+0.55*sin((c+phi)*3*x*y+d*D)+0.95*exp(-18*min(|L1|,|L2|,|L3|))+1.10*exp(-30*min(|C1|,|C2|))+sum(exp(-40*|E_i-1|))",6.560882,6.515897,4.772783,2.423798,-0.490259,-0.049428,0.497457,-0.047808,-0.001136,-0.359550,-0.000540,0.420974,0.359550,0.000540,0.420254,0.068597
nhmuk_2446314279.jpg,saved,museum_butterfly_dorsal/mathequations_shape_fill/reconstructions/nhmuk_2446314279_math.png,0.837671,1,"L1:y=m1*x+q1; L2:y=m2*x+q2; L3:x=kx; C1:(x-h1)^2+(y-k1)^2=r1^2; C2:(x-h2)^2+(y-k2)^2=r2^2; E_i=((x-cx_i)^2/a_i^2)+((y-cy_i)^2/b_i^2); Q=sin(a*x+b*y+2*pi*D)+cos((a+b)*r-c*theta)+0.55*sin((c+phi)*3*x*y+d*D)+0.95*exp(-18*min(|L1|,|L2|,|L3|))+1.10*exp(-30*min(|C1|,|C2|))+sum(exp(-40*|E_i-1|))",6.759892,6.751863,5.069272,1.992486,-0.458417,-0.040933,0.459702,-0.040644,0.000346,-0.359920,-0.000096,0.424158,0.359920,0.000096,0.424030,0.015312
nhmuk_2446314411.jpg,saved,museum_butterfly_dorsal/mathequations_shape_fill/reconstructions/nhmuk_2446314411_math.png,0.780155,1,"L1:y=m1*x+q1; L2:y=m2*x+q2; L3:x=kx; C1:(x-h1)^2+(y-k1)^2=r1^2; C2:(x-h2)^2+(y-k2)^2=r2^2; E_i=((x-cx_i)^2/a_i^2)+((y-cy_i)^2/b_i^2); Q=sin(a*x+b*y+2*pi*D)+cos((a+b)*r-c*theta)+0.55*sin((c+phi)*3*x*y+d*D)+0.95*exp(-18*min(|L1|,|L2|,|L3|))+1.10*exp(-30*min(|C1|,|C2|))+sum(exp(-40*|E_i-1|))",7.473696,7.358448,5.455435,2.143299,-0.344209,-0.019096,0.362648,-0.014947,0.002277,-0.358848,-0.001383,0.435579,0.358848,0.001383,0.433735,0.040913
nhmuk_2446314465.jpg,saved,museum_butterfly_dorsal/mathequations_shape_fill/reconstructions/nhmuk_2446314465_math.png,0.810128,1,"L1:y=m1*x+q1; L2:y=m2*x+q2; L3:x=kx; C1:(x-h1)^2+(y-k1)^2=r1^2; C2:(x-h2)^2+(y-k2)^2=r2^2; E_i=((x-cx_i)^2/a_i^2)+((y-cy_i)^2/b_i^2); Q=sin(a*x+b*y+2*pi*D)+cos((a+b)*r-c*theta)+0.55*sin((c+phi)*3*x*y+d*D)+0.95*exp(-18*min(|L1|,|L2|,|L3|))+1.10*exp(-30*min(|C1|,|C2|))+sum(exp(-40*|E_i-1|))",6.784723,6.713096,4.969407,2.383772,-0.454444,-0.042329,0.465905,-0.039750,-0.000153,-0.359284,-0.000860,0.424556,0.359284,0.000860,0.423410,0.064419
nhmuk_2446314466.jpg,saved,museum_butterfly_dorsal/mathequations_shape_fill/reconstructions/nhmuk_2446314466_math.png,0.789327,1,"L1:y=m1*x+q1; L2:y=m2*x+q2; L3:x=kx; C1:(x-h1)^2+(y-k1)^2=r1^2; C2:(x-h2)^2+(y-k2)^2=r2^2; E_i=((x-cx_i)^2/a_i^2)+((y-cy_i)^2/b_i^2); Q=sin(a*x+b*y+2*pi*D)+cos((a+b)*r-c*theta)+0.55*sin((c+phi)*3*x*y+d*D)+0.95*exp(-18*min(|L1|,|L2|,|L3|))+1.10*exp(-30*min(|C1|,|C2|))+sum(exp(-40*|E_i-1|))",6.953652,6.828282,5.030998,2.199447,-0.427416,-0.038182,0.447475,-0.033669,0.000155,-0.358746,-0.001504,0.427258,0.358746,0.001504,0.425253,0.042942
nhmuk_2446314505.jpg,saved,museum_butterfly_dorsal/mathequations_shape_fill/reconstructions/nhmuk_2446314505_math.png,0.757025,1,"L1:y=m1*x+q1; L2:y=m2*x+q2; L3:x=kx; C1:(x-h1)^2+(y-k1)^2=r1^2; C2:(x-h2)^2+(y-k2)^2=r2^2; E_i=((x-cx_i)^2/a_i^2)+((y-cy_i)^2/b_i^2); Q=sin(a*x+b*y+2*pi*D)+cos((a+b)*r-c*theta)+0.55*sin((c+phi)*3*x*y+d*D)+0.95*exp(-18*min(|L1|,|L2|,|L3|))+1.10*exp(-30*min(|C1|,|C2|))+sum(exp(-40*|E_i-1|))",6.897363,6.830514,5.021131,2.371864,-0.436422,-0.038102,0.447118,-0.035695,0.000106,-0.359332,-0.000802,0.426358,0.359332,0.000802,0.425288,0.060776
nhmuk_2446314602.jpg,saved,museum_butterfly_dorsal/mathequations_shape_fill/reconstructions/nhmuk_2446314602_math.png,0.789696,1,"L1:y=m1*x+q1; L2:y=m2*x+q2; L3:x=kx; C1:(x-h1)^2+(y-k1)^2=r1^2; C2:(x-h2)^2+(y-k2)^2=r2^2; E_i=((x-cx_i)^2/a_i^2)+((y-cy_i)^2/b_i^2); Q=sin(a*x+b*y+2*pi*D)+cos((a+b)*r-c*theta)+0.55*sin((c+phi)*3*x*y+d*D)+0.95*exp(-18*min(|L1|,|L2|,|L3|))+1.10*exp(-30*min(|C1|,|C2|))+sum(exp(-40*|E_i-1|))",6.627729,6.599730,4.863818,2.342463,-0.479563,-0.046410,0.484043,-0.045402,-0.000681,-0.359720,-0.000336,0.422044,0.359720,0.000336,0.421596,0.050202
nhmuk_2446314751.jpg,saved,museum_butterfly_dorsal/mathequations_shape_fill/reconstructions/nhmuk_2446314751_math.png,0.783832,1,"L1:y=m1*x+q1; L2:y=m2*x+q2; L3:x=kx; C1:(x-h1)^2+(y-k1)^2=r1^2; C2:(x-h2)^2+(y-k2)^2=r2^2; E_i=((x-cx_i)^2/a_i^2)+((y-cy_i)^2/b_i^2); Q=sin(a*x+b*y+2*pi*D)+cos((a+b)*r-c*theta)+0.55*sin((c+phi)*3*x*y+d*D)+0.95*exp(-18*min(|L1|,|L2|,|L3|))+1.10*exp(-30*min(|C1|,|C2|))+sum(exp(-40*|E_i-1|))",6.850849,6.784437,5.021248,2.350127,-0.443864,-0.039760,0.454490,-0.037369,0.000106,-0.359336,-0.000797,0.425614,0.359336,0.000797,0.424551,0.066840
nhmuk_2446314762.jpg,saved,museum_butterfly_dorsal/mathequations_shape_fill/reconstructions/nhmuk_2446314762_math.png,0.810224,1,"L1:y=m1*x+q1; L2:y=m2*x+q2; L3:x=kx; C1:(x-h1)^2+(y-k1)^2=r1^2; C2:(x-h2)^2+(y-k2)^2=r2^2; E_i=((x-cx_i)^2/a_i^2)+((y-cy_i)^2/b_i^2); Q=sin(a*x+b*y+2*pi*D)+cos((a+b)*r-c*theta)+0.55*sin((c+phi)*3*x*y+d*D)+0.95*exp(-18*min(|L1|,|L2|,|L3|))+1.10*exp(-30*min(|C1|,|C2|))+sum(exp(-40*|E_i-1|))",6.937512,6.807028,4.973474,2.399320,-0.429998,-0.038947,0.450876,-0.034250,-0.000133,-0.358695,-0.001566,0.427000,0.358695,0.001566,0.424912,0.076703
nhmuk_2446314811.jpg,saved,museum_butterfly_dorsal/mathequations_shape_fill/reconstructions/nhmuk_2446314811_math.png,0.779362,1,"L1:y=m1*x+q1; L2:y=m2*x+q2; L3:x=kx; C1:(x-h1)^2+(y-k1)^2=r1^2; C2:(x-h2)^2+(y-k2)^2=r2^2; E_i=((x-cx_i)^2/a_i^2)+((y-cy_i)^2/b_i^2); Q=sin(a*x+b*y+2*pi*D)+cos((a+b)*r-c*theta)+0.55*sin((c+phi)*3*x*y+d*D)+0.95*exp(-18*min(|L1|,|L2|,|L3|))+1.10*exp(-30*min(|C1|,|C2|))+sum(exp(-40*|E_i-1|))",6.991872,6.927712,5.179204,2.290754,-0.421301,-0.034602,0.431566,-0.032293,0.000896,-0.359358,-0.000770,0.427870,0.359358,0.000770,0.426843,0.046053
nhmuk_2446314813.jpg,saved,museum_butterfly_dorsal/mathequations_shape_fill/reconstructions/nhmuk_2446314813_math.png,0.802200,1,"L1:y=m1*x+q1; L2:y=m2*x+q2; L3:x=kx; C1:(x-h1)^2+(y-k1)^2=r1^2; C2:(x-h2)^2+(y-k2)^2=r2^2; E_i=((x-cx_i)^2/a_i^2)+((y-cy_i)^2/b_i^2); Q=sin(a*x+b*y+2*pi*D)+cos((a+b)*r-c*theta)+0.55*sin((c+phi)*3*x*y+d*D)+0.95*exp(-18*min(|L1|,|L2|,|L3|))+1.10*exp(-30*min(|C1|,|C2|))+sum(exp(-40*|E_i-1|))",7.297501,7.230104,5.407250,2.092771,-0.372400,-0.023716,0.383183,-0.021290,0.002036,-0.359326,-0.000809,0.432760,0.359326,0.000809,0.431682,0.027265
nhmuk_2446314817.jpg,saved,museum_butterfly_dorsal/mathequations_shape_fill/reconstructions/nhmuk_2446314817_math.png,0.783065,1,"L1:y=m1*x+q1; L2:y=m2*x+q2; L3:x=kx; C1:(x-h1)^2+(y-k1)^2=r1^2; C2:(x-h2)^2+(y-k2)^2=r2^2; E_i=((x-cx_i)^2/a_i^2)+((y-cy_i)^2/b_i^2); Q=sin(a*x+b*y+2*pi*D)+cos((a+b)*r-c*theta)+0.55*sin((c+phi)*3*x*y+d*D)+0.95*exp(-18*min(|L1|,|L2|,|L3|))+1.10*exp(-30*min(|C1|,|C2|))+sum(exp(-40*|E_i-1|))",6.906686,6.817169,5.074005,2.134775,-0.434930,-0.038582,0.449253,-0.035359,0.000370,-0.359105,-0.001074,0.426507,0.359105,0.001074,0.425075,0.028471
nhmuk_2446314819.jpg,saved,museum_butterfly_dorsal/mathequations_shape_fill/reconstructions/nhmuk_2446314819_math.png,0.803223,1,"L1:y=m1*x+q1; L2:y=m2*x+q2; L3:x=kx; C1:(x-h1)^2+(y-k1)^2=r1^2; C2:(x-h2)^2+(y-k2)^2=r2^2; E_i=((x-cx_i)^2/a_i^2)+((y-cy_i)^2/b_i^2); Q=sin(a*x+b*y+2*pi*D)+cos((a+b)*r-c*theta)+0.55*sin((c+phi)*3*x*y+d*D)+0.95*exp(-18*min(|L1|,|L2|,|L3|))+1.10*exp(-30*min(|C1|,|C2|))+sum(exp(-40*|E_i-1|))",7.010788,6.930000,5.163052,2.111840,-0.418274,-0.034520,0.431200,-0.031612,0.000815,-0.359192,-0.000969,0.428173,0.359192,0.000969,0.426880,0.031164
nhmuk_2446314939.jpg,saved,museum_butterfly_dorsal/mathequations_shape_fill/reconstructions/nhmuk_2446314939_math.png,0.779174,1,"L1:y=m1*x+q1; L2:y=m2*x+q2; L3:x=kx; C1:(x-h1)^2+(y-k1)^2=r1^2; C2:(x-h2)^2+(y-k2)^2=r2^2; E_i=((x-cx_i)^2/a_i^2)+((y-cy_i)^2/b_i^2); Q=sin(a*x+b*y+2*pi*D)+cos((a+b)*r-c*theta)+0.55*sin((c+phi)*3*x*y+d*D)+0.95*exp(-18*min(|L1|,|L2|,|L3|))+1.10*exp(-30*min(|C1|,|C2|))+sum(exp(-40*|E_i-1|))",6.718510,6.695539,4.914782,2.341020,-0.465038,-0.042961,0.468714,-0.042134,-0.000426,-0.359770,-0.000276,0.423496,0.359770,0.000276,0.423129,0.060498
nhmuk_2446314942.jpg,saved,museum_butterfly_dorsal/mathequations_shape_fill/reconstructions/nhmuk_2446314942_math.png,0.702193,1,"L1:y=m1*x+q1; L2:y=m2*x+q2; L3:x=kx; C1:(x-h1)^2+(y-k1)^2=r1^2; C2:(x-h2)^2+(y-k2)^2=r2^2; E_i=((x-cx_i)^2/a_i^2)+((y-cy_i)^2/b_i^2); Q=sin(a*x+b*y+2*pi*D)+cos((a+b)*r-c*theta)+0.55*sin((c+phi)*3*x*y+d*D)+0.95*exp(-18*min(|L1|,|L2|,|L3|))+1.10*exp(-30*min(|C1|,|C2|))+sum(exp(-40*|E_i-1|))",6.656457,6.627801,4.856775,2.397142,-0.474967,-0.045399,0.479552,-0.044368,-0.000716,-0.359713,-0.000344,0.422503,0.359713,0.000344,0.422045,0.060257
nhmuk_2446314960.jpg,saved,museum_butterfly_dorsal/mathequations_shape_fill/reconstructions/nhmuk_2446314960_math.png,0.817181,1,"L1:y=m1*x+q1; L2:y=m2*x+q2; L3:x=kx; C1:(x-h1)^2+(y-k1)^2=r1^2; C2:(x-h2)^2+(y-k2)^2=r2^2; E_i=((x-cx_i)^2/a_i^2)+((y-cy_i)^2/b_i^2); Q=sin(a*x+b*y+2*pi*D)+cos((a+b)*r-c*theta)+0.55*sin((c+phi)*3*x*y+d*D)+0.95*exp(-18*min(|L1|,|L2|,|L3|))+1.10*exp(-30*min(|C1|,|C2|))+sum(exp(-40*|E_i-1|))",6.589274,6.566844,4.779659,2.379831,-0.485716,-0.047594,0.489305,-0.046786,-0.001102,-0.359776,-0.000269,0.421428,0.359776,0.000269,0.421070,0.061075
nhmuk_2446314961.jpg,saved,museum_butterfly_dorsal/mathequations_shape_fill/reconstructions/nhmuk_2446314961_math.png,0.797400,1,"L1:y=m1*x+q1; L2:y=m2*x+q2; L3:x=kx; C1:(x-h1)^2+(y-k1)^2=r1^2; C2:(x-h2)^2+(y-k2)^2=r2^2; E_i=((x-cx_i)^2/a_i^2)+((y-cy_i)^2/b_i^2); Q=sin(a*x+b*y+2*pi*D)+cos((a+b)*r-c*theta)+0.55*sin((c+phi)*3*x*y+d*D)+0.95*exp(-18*min(|L1|,|L2|,|L3|))+1.10*exp(-30*min(|C1|,|C2|))+sum(exp(-40*|E_i-1|))",6.535153,6.503637,4.797668,2.351917,-0.494376,-0.049869,0.499418,-0.048735,-0.001012,-0.359685,-0.000378,0.420562,0.359685,0.000378,0.420058,0.050095
nhmuk_2446314989.jpg,saved,museum_butterfly_dorsal/mathequations_shape_fill/reconstructions/nhmuk_2446314989_math.png,0.792843,1,"L1:y=m1*x+q1; L2:y=m2*x+q2; L3:x=kx; C1:(x-h1)^2+(y-k1)^2=r1^2; C2:(x-h2)^2+(y-k2)^2=r2^2; E_i=((x-cx_i)^2/a_i^2)+((y-cy_i)^2/b_i^2); Q=sin(a*x+b*y+2*pi*D)+cos((a+b)*r-c*theta)+0.55*sin((c+phi)*3*x*y+d*D)+0.95*exp(-18*min(|L1|,|L2|,|L3|))+1.10*exp(-30*min(|C1|,|C2|))+sum(exp(-40*|E_i-1|))",6.729159,6.713905,4.902802,2.357439,-0.463335,-0.042299,0.465775,-0.041750,-0.000486,-0.359847,-0.000183,0.423667,0.359847,0.000183,0.423422,0.062938
nhmuk_2446315080.jpg,saved,museum_butterfly_dorsal/mathequations_shape_fill/reconstructions/nhmuk_2446315080_math.png,0.787555,1,"L1:y=m1*x+q1; L2:y=m2*x+q2; L3:x=kx; C1:(x-h1)^2+(y-k1)^2=r1^2; C2:(x-h2)^2+(y-k2)^2=r2^2; E_i=((x-cx_i)^2/a_i^2)+((y-cy_i)^2/b_i^2); Q=sin(a*x+b*y+2*pi*D)+cos((a+b)*r-c*theta)+0.55*sin((c+phi)*3*x*y+d*D)+0.95*exp(-18*min(|L1|,|L2|,|L3|))+1.10*exp(-30*min(|C1|,|C2|))+sum(exp(-40*|E_i-1|))",6.649960,6.591727,4.832110,2.408576,-0.476006,-0.046698,0.485324,-0.044601,-0.000839,-0.359418,-0.000699,0.422399,0.359418,0.000699,0.421468,0.061721
nhmuk_3387288728.jpg,saved,museum_butterfly_dorsal/mathequations_shape_fill/reconstructions/nhmuk_3387288728_math.png,0.718954,1,"L1:y=m1*x+q1; L2:y=m2*x+q2; L3:x=kx; C1:(x-h1)^2+(y-k1)^2=r1^2; C2:(x-h2)^2+(y-k2)^2=r2^2; E_i=((x-cx_i)^2/a_i^2)+((y-cy_i)^2/b_i^2); Q=sin(a*x+b*y+2*pi*D)+cos((a+b)*r-c*theta)+0.55*sin((c+phi)*3*x*y+d*D)+0.95*exp(-18*min(|L1|,|L2|,|L3|))+1.10*exp(-30*min(|C1|,|C2|))+sum(exp(-40*|E_i-1|))",6.214962,6.253574,5.071633,2.370401,-0.545606,-0.058871,0.539428,-0.060261,0.000358,-0.360386,0.000463,0.415439,0.360386,-0.000463,0.416057,0.040550
nhmuk_3387310712.jpg,saved,museum_butterfly_dorsal/mathequations_shape_fill/reconstructions/nhmuk_3387310712_math.png,0.820076,1,"L1:y=m1*x+q1; L2:y=m2*x+q2; L3:x=kx; C1:(x-h1)^2+(y-k1)^2=r1^2; C2:(x-h2)^2+(y-k2)^2=r2^2; E_i=((x-cx_i)^2/a_i^2)+((y-cy_i)^2/b_i^2); Q=sin(a*x+b*y+2*pi*D)+cos((a+b)*r-c*theta)+0.55*sin((c+phi)*3*x*y+d*D)+0.95*exp(-18*min(|L1|,|L2|,|L3|))+1.10*exp(-30*min(|C1|,|C2|))+sum(exp(-40*|E_i-1|))",6.729282,6.775422,5.507241,2.387953,-0.463315,-0.040085,0.455932,-0.041746,0.002536,-0.360461,0.000554,0.423669,0.360461,-0.000554,0.424407,0.086699
nhmuk_4413143260.jpg,saved,museum_butterfly_dorsal/mathequations_shape_fill/reconstructions/nhmuk_4413143260_math.png,0.815823,1,"L1:y=m1*x+q1; L2:y=m2*x+q2; L3:x=kx; C1:(x-h1)^2+(y-k1)^2=r1^2; C2:(x-h2)^2+(y-k2)^2=r2^2; E_i=((x-cx_i)^2/a_i^2)+((y-cy_i)^2/b_i^2); Q=sin(a*x+b*y+2*pi*D)+cos((a+b)*r-c*theta)+0.55*sin((c+phi)*3*x*y+d*D)+0.95*exp(-18*min(|L1|,|L2|,|L3|))+1.10*exp(-30*min(|C1|,|C2|))+sum(exp(-40*|E_i-1|))",7.142051,7.403084,5.829033,2.219355,-0.397272,-0.017489,0.355507,-0.026886,0.004145,-0.362610,0.003132,0.430273,0.362610,-0.003132,0.434449,0.034975
nhmuk_4925612041.jpg,saved,museum_butterfly_dorsal/mathequations_shape_fill/reconstructions/nhmuk_4925612041_math.png,0.802127,1,"L1:y=m1*x+q1; L2:y=m2*x+q2; L3:x=kx; C1:(x-h1)^2+(y-k1)^2=r1^2; C2:(x-h2)^2+(y-k2)^2=r2^2; E_i=((x-cx_i)^2/a_i^2)+((y-cy_i)^2/b_i^2); Q=sin(a*x+b*y+2*pi*D)+cos((a+b)*r-c*theta)+0.55*sin((c+phi)*3*x*y+d*D)+0.95*exp(-18*min(|L1|,|L2|,|L3|))+1.10*exp(-30*min(|C1|,|C2|))+sum(exp(-40*|E_i-1|))",7.593359,7.784830,6.071246,2.072355,-0.325063,-0.003746,0.294427,-0.010639,0.005356,-0.361915,0.002298,0.437494,0.361915,-0.002298,0.440557,0.018774
